OffsetMethod,ProjectLocation,VerificationStatus,TechnologyUsed,EmissionReduction,ProjectSize,CarbonCreditPrice
Energy Efficiency,USA,Rejected,Wind,4765.74295724183,57.119901270091574,51.39991379891006
Reforestation,China,Pending,Biomass,9793.13888635003,491.604633653782,83.88174076828797
Afforestation,India,Rejected,Solar,6378.007169127794,927.1835182295689,59.161871027934666
Energy Efficiency,India,Rejected,Biomass,1350.0209414885771,106.28782488969742,27.81298295633986
Energy Efficiency,India,Verified,Wind,6794.157864546796,764.6762873474288,78.61755219620827
Reforestation,India,Verified,Biomass,3318.52975277382,410.26138232261667,52.69526258709527
Afforestation,Brazil,Rejected,Hydro,6894.639247192365,655.5185408098137,58.02838164405996
Afforestation,India,Verified,Solar,789.4473668078168,260.97636138724414,39.55700044791153
Energy Efficiency,Brazil,Pending,Wind,1831.3262280419979,160.33277027881692,43.75995884299816
Renewable Energy,Brazil,Pending,Wind,8571.798863167285,161.3021516569552,82.47201583240599
Energy Efficiency,India,Verified,Wind,2349.0776145327973,71.4214536975015,49.459602609639006
Energy Efficiency,India,Pending,Solar,8386.707139905107,186.46105819634178,76.79814628148895
Energy Efficiency,USA,Verified,Hydro,2864.8332756986633,664.5551656039793,61.96971803453311
Energy Efficiency,China,Rejected,Wind,6464.530909581205,881.8089212316645,66.14074376022268
Reforestation,India,Rejected,Biomass,6972.090677747327,814.3115599055707,60.00356898779234
Afforestation,USA,Pending,Wind,5175.282056136024,685.4491755646096,64.73090203632621
Reforestation,USA,Verified,Wind,3122.57569929764,111.32143154769157,55.72609281196512
Reforestation,China,Verified,Wind,2205.179326073852,289.89825884965387,50.9248792188658
Reforestation,Brazil,Pending,Wind,428.5746101680196,310.4970684471465,35.24784373531156
Energy Efficiency,India,Rejected,Hydro,3109.0693722831656,250.7069894512236,39.052416755928064
Renewable Energy,China,Pending,Biomass,6566.311626259701,515.4906540500134,75.98646467179864
Afforestation,India,Rejected,Hydro,9389.217702639979,536.0182610647929,68.30627112384784
Renewable Energy,USA,Verified,Biomass,8724.924374404214,357.5290891959391,92.19991276398046
Reforestation,USA,Rejected,Wind,7684.041287699496,354.4353695776996,65.96456013427448
Reforestation,Brazil,Pending,Solar,7905.628698207657,828.7270423081753,78.81541391412004
Renewable Energy,USA,Verified,Hydro,6683.350544412353,789.5035554713659,87.31178827677542
Renewable Energy,USA,Pending,Solar,2676.8398899034296,308.4880358490649,59.4690798080078
Renewable Energy,China,Pending,Hydro,9081.230803987715,913.874655429386,93.54490057423243
Reforestation,India,Rejected,Wind,6740.249887867757,952.8622019855035,62.229871459193824
Reforestation,India,Pending,Hydro,5648.362246706355,327.4157994880108,59.51596922841189
Afforestation,China,Rejected,Wind,1198.7957452134626,355.0705238442618,29.54468396450993
Afforestation,Brazil,Verified,Hydro,4525.849883683612,506.1285192685369,59.69053461110343
Reforestation,India,Rejected,Wind,4657.54688489907,941.1796917211399,51.69953134170675
Renewable Energy,USA,Verified,Wind,8659.179734274432,876.4431137091692,99.06032980846385
Renewable Energy,India,Rejected,Biomass,5511.817379859106,103.46539462100621,53.59374084550559
Afforestation,USA,Pending,Wind,3865.9654348070553,393.3380125281448,55.263207299316726
Reforestation,Brazil,Rejected,Biomass,9770.323252255528,553.817818560022,72.38979444687786
Afforestation,China,Rejected,Wind,1196.1338739305252,503.6293400789885,31.01696277044251
Afforestation,India,Verified,Solar,4283.229440288252,194.66920486895577,56.36283925013082
Energy Efficiency,China,Pending,Wind,516.0442841969124,858.9579543969866,46.169800964954426
Energy Efficiency,India,Rejected,Solar,7425.0507955926105,677.2638422138405,66.89789240010145
Energy Efficiency,USA,Pending,Solar,9188.95786677159,838.0704664769518,92.32549399862748
Renewable Energy,China,Rejected,Wind,2872.3695625498453,858.9055150701228,52.95090296345045
Reforestation,India,Rejected,Solar,8597.582600311296,748.607497812074,70.47398797967722
Reforestation,USA,Pending,Biomass,2992.960481572788,439.7713906484676,51.36251631434862
Reforestation,China,Rejected,Hydro,9116.624600274761,610.9362082604091,72.6924850839779
Reforestation,China,Pending,Wind,7564.222845608161,161.20504071362342,71.43316463517704
Energy Efficiency,India,Rejected,Solar,8068.577090730242,673.9717720574328,70.08260317422554
Renewable Energy,India,Verified,Wind,278.2649004444995,180.07400248354148,45.19206452705791
Renewable Energy,India,Pending,Biomass,9631.822535032858,694.2556409196467,90.10166908436075
Energy Efficiency,USA,Rejected,Wind,7294.0428214962,230.3685625932147,65.77389973341315
Renewable Energy,India,Rejected,Wind,3117.0358443227196,118.43374885006975,43.769516710114296
Energy Efficiency,China,Verified,Solar,8311.007182102585,166.1192056528145,84.21622796704108
Reforestation,China,Pending,Biomass,2887.0598643078065,2.9901430838511978,44.46520075237754
Energy Efficiency,India,Rejected,Hydro,8740.263011704666,719.0208782356767,71.8915238408801
Reforestation,India,Verified,Hydro,1214.5458650781763,732.6686480093207,46.39941580548409
Reforestation,Brazil,Rejected,Solar,7066.491176861878,515.4184165633462,61.48664004994285
Afforestation,China,Pending,Wind,5452.914918784612,162.2014382543283,58.88658897646634
Energy Efficiency,USA,Rejected,Solar,1055.691254934864,84.47078317317906,34.12316410640611
Afforestation,Brazil,Rejected,Solar,2494.748899762506,20.109837470849723,31.67484287352103
Energy Efficiency,India,Rejected,Solar,222.7999591454164,166.5824287882555,25.779824083609636
Energy Efficiency,India,Rejected,Wind,4740.802858098607,890.9646794481636,54.61366108497467
Afforestation,China,Verified,Biomass,3082.5260815240035,242.2953048599801,50.83558345621982
Afforestation,India,Verified,Solar,6023.739094547812,354.91705588999844,66.66786603163905
Energy Efficiency,USA,Pending,Wind,3042.65429631531,106.24013899685185,53.27567287154507
Renewable Energy,China,Verified,Biomass,3069.1992039191487,223.1389434434221,60.577385454029965
Reforestation,India,Verified,Solar,7457.612667442873,519.7053462094249,77.48511679930861
Afforestation,China,Pending,Hydro,576.6140761856991,608.144930412557,37.964519685054064
Reforestation,India,Verified,Biomass,9038.660452400674,246.10696185204486,79.65437188052383
Renewable Energy,India,Verified,Solar,8537.412356472696,58.67442706589209,86.2738060530224
Renewable Energy,India,Pending,Biomass,6711.266363941424,391.64183625827127,72.47275018228983
Renewable Energy,USA,Pending,Biomass,5972.893544063105,234.9691675554078,72.2141593958696
Afforestation,USA,Pending,Biomass,8933.794731582557,220.33436930657214,76.8723173509785
Renewable Energy,China,Rejected,Biomass,1934.768777334273,959.9029399107418,47.272873285778786
Afforestation,India,Rejected,Biomass,881.7947056892033,616.6841854397983,25.575815382844
Renewable Energy,India,Pending,Biomass,2471.1506821044272,557.3215647289238,52.92896905781137
Reforestation,USA,Pending,Solar,7966.324959131884,416.3593284197986,78.99521807985741
Reforestation,India,Pending,Hydro,443.2356405921849,429.5153890967141,34.51133209392806
Energy Efficiency,USA,Rejected,Wind,5869.787667326547,541.3640988342428,61.762579324975164
Reforestation,India,Rejected,Biomass,9954.831410293968,696.7333772290712,73.74149082376056
Energy Efficiency,China,Verified,Wind,8571.39132899164,702.4439500856477,89.88139614581468
Reforestation,India,Verified,Solar,5262.312321531535,172.52221379774412,63.03678374563512
Afforestation,India,Pending,Biomass,730.0450019377593,500.61263932455034,33.6563514029343
Reforestation,Brazil,Rejected,Hydro,8330.597792418528,412.5461369390679,64.77845033148333
Energy Efficiency,USA,Rejected,Wind,6029.887230954384,870.6564393031148,65.85600054780306
Energy Efficiency,India,Rejected,Biomass,1237.8366708897117,631.787502297158,32.50705837742014
Renewable Energy,India,Pending,Solar,1029.1871197512264,532.9715623495658,48.47565122225179
Afforestation,Brazil,Verified,Hydro,9105.305512422265,116.27924753673845,78.68932003747871
Reforestation,Brazil,Pending,Wind,6725.082603086977,606.032251434088,69.68573552977577
Renewable Energy,USA,Verified,Wind,8309.93931323588,118.08670177455319,89.73056358392493
Reforestation,Brazil,Verified,Biomass,8801.891112794447,337.86936899018633,80.3881492538741
Reforestation,China,Pending,Hydro,5760.54628527839,143.69912284951752,61.239722654887125
Renewable Energy,Brazil,Verified,Hydro,5222.718882374908,692.3815733773446,75.03741014564798
Renewable Energy,China,Verified,Hydro,4361.231362177803,207.04586172231646,67.87661542811217
Renewable Energy,USA,Rejected,Hydro,3237.771219132081,392.46751381483796,51.113531233808786
Renewable Energy,USA,Verified,Solar,4402.500012501247,895.7791028411599,78.97029109091784
Renewable Energy,USA,Pending,Hydro,7761.408591728548,205.1120670155713,81.85816362879845
Reforestation,USA,Pending,Wind,6059.041967049802,508.29725889482035,69.3781824241972
Renewable Energy,USA,Verified,Wind,8935.980570552976,419.852389504856,95.87842674781345
Afforestation,China,Rejected,Solar,4489.462142353958,19.105917004684002,43.63836988181663
Energy Efficiency,China,Rejected,Wind,6110.186829315665,792.96535545924,63.48058770117073
Renewable Energy,USA,Verified,Wind,6349.944775610688,69.97686040828512,79.44949248213629
Renewable Energy,Brazil,Verified,Hydro,5957.801906832623,474.7807659559766,76.53681719372288
Reforestation,India,Pending,Wind,7056.074353546612,561.117616644011,69.89154793417316
Renewable Energy,USA,Verified,Solar,2450.591336910582,628.7980301579724,66.54093698613264
Renewable Energy,Brazil,Rejected,Hydro,5172.401397703327,688.9429976785677,59.75143696530232
Renewable Energy,India,Verified,Biomass,1131.825547802642,254.01911113919238,48.199318850405135
Reforestation,USA,Pending,Hydro,3906.6621436836444,10.968797881790923,52.64299869723613
Renewable Energy,USA,Pending,Solar,4927.903979350518,723.7202186925571,74.87672208367816
Energy Efficiency,China,Pending,Hydro,6557.020169500178,536.120942748231,72.1463102749832
Reforestation,India,Pending,Hydro,9510.257420603415,836.2815855040415,83.9141029580575
Energy Efficiency,India,Pending,Solar,6046.445558828723,821.5669745377936,71.44789753952155
Reforestation,Brazil,Verified,Hydro,7461.579770147942,843.4828416200953,79.74272726694066
Renewable Energy,China,Verified,Solar,5112.033989002507,485.6095653195606,76.41626559820814
Energy Efficiency,China,Verified,Solar,6377.62991062568,334.2947674410288,76.2310972275387
Reforestation,China,Verified,Biomass,802.2289397243569,791.7666443887787,46.92881114250957
Afforestation,China,Pending,Wind,2618.4766503342853,451.84281891622567,47.610811440833686
Renewable Energy,India,Rejected,Wind,3682.345622730873,184.25875420703107,47.25431565572468
Reforestation,India,Verified,Hydro,4777.684214564484,855.1190455419129,65.43961152824156
Afforestation,USA,Rejected,Hydro,551.922580473599,882.6773168955749,32.586386071323744
Reforestation,USA,Verified,Biomass,1486.238565777845,466.84344638402996,49.09962729272952
Afforestation,China,Verified,Biomass,2840.4616471339273,76.62402758247768,47.96854851149441
Renewable Energy,China,Rejected,Biomass,9718.173639920402,388.4382638270143,80.47525083787215
Energy Efficiency,China,Pending,Solar,3380.3353703202024,803.7341218031407,60.939018069632425
Afforestation,USA,Verified,Biomass,4872.206475309617,901.8722545176824,68.37975492172491
Reforestation,Brazil,Verified,Biomass,2041.36735611009,204.26926975509824,45.24952947810144
Renewable Energy,Brazil,Verified,Hydro,6146.722703650105,67.90663841324626,73.41267990238299
Afforestation,USA,Rejected,Biomass,2878.7638336081454,877.4731026797058,43.168550194837785
Reforestation,USA,Pending,Solar,2149.2265265404253,390.0155340398964,49.64628797310109
Reforestation,USA,Rejected,Solar,5214.0690216151925,542.2192033032957,56.49253714110892
Reforestation,USA,Rejected,Hydro,154.50741168816614,968.0977462387082,33.45351452082791
Afforestation,USA,Pending,Biomass,175.87392322733075,67.49816318630863,31.55435124799974
Afforestation,USA,Rejected,Biomass,2268.781210108392,648.6696894446435,37.83060294498839
Afforestation,China,Pending,Solar,463.54148875812933,75.0313171522922,34.06802061531357
Energy Efficiency,China,Verified,Biomass,1169.4549658938447,376.09345953803387,47.60820942484956
Afforestation,China,Pending,Biomass,3454.7204284536406,804.0107306482533,53.313709448750735
Afforestation,China,Verified,Biomass,8045.598227840147,434.03876052287876,77.56837874442952
Afforestation,USA,Rejected,Wind,5763.281569356078,997.1851715490475,60.788259562270866
Energy Efficiency,Brazil,Rejected,Hydro,5175.4104869685225,559.5002256616556,53.47205469145917
Afforestation,India,Verified,Wind,3005.539349760404,321.8409904833175,50.246106653635195
Reforestation,USA,Rejected,Hydro,9324.361822384883,220.89121457884838,71.8307212577129
Afforestation,India,Pending,Solar,4030.4489082481973,351.1700137518757,51.66394467875974
Reforestation,Brazil,Verified,Biomass,962.2183912781378,373.1607404857913,41.5426993612486
Reforestation,China,Rejected,Hydro,6208.958509566232,69.64496404623702,52.741242188293526
Reforestation,Brazil,Verified,Wind,1227.000095418354,370.2046252273464,44.837046729365234
Energy Efficiency,USA,Pending,Biomass,3517.7091137367515,464.7742812194857,57.23628838087862
Energy Efficiency,China,Pending,Solar,5123.378193306308,723.0150144865659,68.8470411113972
Energy Efficiency,USA,Rejected,Hydro,8754.80299438324,657.0727552368863,76.34474252428507
Afforestation,China,Pending,Hydro,4986.111145367175,709.0568895739251,61.02112462257512
Reforestation,India,Verified,Hydro,7052.361783713476,9.355318194980242,68.35536210051718
Energy Efficiency,India,Pending,Biomass,9928.886706090796,218.44973218095552,81.82893085226354
Energy Efficiency,India,Verified,Wind,1401.742286990018,662.0226041114566,50.62893747606466
Afforestation,Brazil,Verified,Wind,2819.8421026432434,484.50537881156737,51.94426430133189
Energy Efficiency,USA,Pending,Hydro,4006.3031484166995,6.3081621926776,56.094597364010276
Afforestation,Brazil,Rejected,Solar,4276.098967534431,804.6901477893905,48.427396315566064
Renewable Energy,India,Pending,Solar,4169.108645128903,773.036763717047,66.575910862815
Energy Efficiency,USA,Verified,Wind,9085.348925309894,548.870743830569,92.91545206485516
Renewable Energy,India,Verified,Solar,7168.923180221878,67.39686245049585,79.51858452561436
Afforestation,Brazil,Pending,Wind,6118.261619497967,766.748534483052,66.25879344232035
Reforestation,Brazil,Rejected,Hydro,3162.7899068415427,584.1298741436326,40.65524827564404
Energy Efficiency,Brazil,Rejected,Wind,8255.524803790817,782.1780171808012,72.0994041907621
Afforestation,India,Verified,Wind,9555.099063701391,751.9952454034445,87.2954477725414
Reforestation,USA,Verified,Hydro,8229.862997247243,803.1990698858793,87.181305685095
Reforestation,USA,Rejected,Solar,115.49454139558175,518.4900583382203,30.76237329036011
Renewable Energy,India,Pending,Wind,6400.37356481573,141.18419367532147,70.41370976083186
Afforestation,USA,Verified,Wind,606.2402762767972,671.486315906309,46.74606454044708
Reforestation,India,Verified,Hydro,2650.3114813038464,620.8533112669186,52.46009051918842
Energy Efficiency,USA,Rejected,Solar,689.2945334429397,742.5109340118881,38.87158200733358
Energy Efficiency,China,Pending,Wind,6077.574984198939,170.71112504468456,67.09498617144155
Renewable Energy,China,Rejected,Hydro,6897.240143576807,195.78022470038894,65.44400296488793
Reforestation,Brazil,Pending,Wind,1233.4276168524607,890.5191077021092,45.07232916128339
Afforestation,China,Pending,Biomass,3900.004942145297,750.2278206536188,55.002302917262675
Energy Efficiency,China,Pending,Hydro,4616.741438659866,908.3202602116226,66.16690979541556
Reforestation,China,Verified,Solar,3753.6249154330744,758.9566058427567,64.35769063559295
Reforestation,India,Rejected,Solar,1298.1475048034113,597.5581506843116,32.46631903086018
Renewable Energy,China,Rejected,Solar,4247.583122856006,654.4786042908457,58.78270165718849
Energy Efficiency,China,Pending,Solar,7536.662673303339,889.23879601607,82.57570132667739
Energy Efficiency,Brazil,Verified,Wind,802.9758788792291,579.2279477574286,47.80715887197043
Afforestation,China,Verified,Wind,893.7821394108441,632.758933004059,45.79650002709481
Energy Efficiency,China,Rejected,Solar,3612.2357891762435,157.320239287597,45.63438133875719
Afforestation,USA,Verified,Solar,9423.084545027357,474.4472988959866,89.85989571409665
Energy Efficiency,Brazil,Verified,Solar,6718.869202556849,716.6807148461409,79.76115316124566
Renewable Energy,Brazil,Pending,Wind,6818.832571058391,271.6717556180491,74.81088041147245
Energy Efficiency,Brazil,Verified,Solar,3683.007909294863,203.05192634401038,59.44555880991442
Afforestation,Brazil,Pending,Solar,5977.241832964531,314.51298141619117,62.031338978984564
Afforestation,Brazil,Rejected,Biomass,200.29872187465946,242.25912736484062,19.424084883021703
Renewable Energy,Brazil,Verified,Biomass,6397.350859454468,215.69772439935946,75.14373154126594
Energy Efficiency,India,Rejected,Solar,9141.540781004744,425.4259920252189,72.96196382527592
Energy Efficiency,China,Rejected,Hydro,6164.47733661371,907.9306753696505,63.90169343676505
Renewable Energy,Brazil,Verified,Solar,8749.616075316815,507.55258709197955,92.82360624750388
Energy Efficiency,China,Verified,Biomass,7267.333249114328,188.73246043450771,76.22399084991672
Energy Efficiency,China,Rejected,Hydro,1293.5283223965334,77.8946977114932,31.2465885890976
Afforestation,India,Verified,Hydro,9034.287742129833,696.4599889927873,83.13603860057704
Energy Efficiency,Brazil,Pending,Solar,757.7940591221713,383.4159656719514,41.62312995233037
Energy Efficiency,USA,Pending,Biomass,5386.277978222862,822.0091156387739,70.15148104750205
Renewable Energy,India,Verified,Biomass,1507.157525555231,659.8512578721294,54.13430020649745
Renewable Energy,USA,Rejected,Hydro,215.89544623595026,796.4452090908271,40.04392932208802
Reforestation,China,Verified,Solar,4278.139175263626,272.6740933790303,62.11743681010844
Afforestation,China,Verified,Wind,3020.903005776147,692.6665635385971,57.03118066426671
Energy Efficiency,India,Rejected,Wind,4911.40488859627,264.79792270902504,49.205003670071605
Energy Efficiency,India,Rejected,Biomass,5814.278878672053,939.1294109708413,58.46268850306868
Reforestation,USA,Pending,Wind,533.0168158585789,636.737907251841,43.0324631518113
Energy Efficiency,Brazil,Rejected,Biomass,1317.7326217250818,325.18728837516676,30.840535992377077
Afforestation,USA,Pending,Biomass,5630.559724859211,270.2423504299804,60.85522212859586
Reforestation,India,Rejected,Biomass,3497.3567964093163,191.73565848657185,36.404140566912304
Afforestation,USA,Verified,Wind,7318.817526739535,694.946317934834,80.54355081304601
Reforestation,India,Pending,Biomass,6557.6873210602025,219.49689738492938,61.98340557915031
Reforestation,USA,Pending,Hydro,8471.483193600077,595.7079626615616,81.314495594616
Renewable Energy,India,Pending,Solar,6955.6789840253305,265.370391898432,75.43209883911098
Afforestation,India,Verified,Solar,4356.317666162467,662.3069758490747,61.404658089303084
Energy Efficiency,India,Verified,Biomass,6762.369561704881,815.1247888119987,76.96309569664439
Energy Efficiency,Brazil,Verified,Solar,2826.2736251286433,778.2472179015085,60.9138403046583
Afforestation,USA,Verified,Wind,3132.5036379043054,761.0904795998509,60.273422985520035
Energy Efficiency,USA,Verified,Wind,7910.953083215853,188.5346832865598,83.44011224894487
Energy Efficiency,USA,Pending,Solar,4519.553212375664,89.29656203753419,61.49073168225367
Afforestation,India,Verified,Wind,8003.96537113169,699.2498796588982,79.01232565224743
Reforestation,USA,Pending,Solar,8241.981499315956,368.97886658055694,79.89969616238535
Afforestation,USA,Verified,Solar,8589.86714284671,432.91388017694396,85.27847451600299
Reforestation,India,Rejected,Solar,9174.688834827952,32.11794370059768,66.19462361114573
Energy Efficiency,China,Pending,Biomass,4366.7536830816325,260.31687282577417,57.4369371436659
Energy Efficiency,India,Rejected,Solar,3256.7815013792742,34.642727470589556,39.63033478160227
Energy Efficiency,USA,Pending,Biomass,5863.767591281728,879.3065868286463,73.1119038246951
Renewable Energy,India,Rejected,Solar,3774.606992032513,244.15328653531193,49.31456782551569
Reforestation,China,Verified,Solar,6050.634251322306,557.7798324034351,73.83096958064588
Renewable Energy,India,Verified,Solar,7085.300040173864,39.94034134046928,78.82590361427401
Renewable Energy,USA,Verified,Wind,6915.209683072155,667.1805439143524,88.2478538545043
Afforestation,China,Pending,Biomass,3808.0735814992013,323.70431840833976,50.2774110915794
Renewable Energy,Brazil,Rejected,Biomass,1751.915996817653,898.0212677707082,43.73979266179535
Afforestation,USA,Verified,Solar,4362.240450775855,888.2300707451018,68.6935029613303
Afforestation,China,Rejected,Solar,1511.6820264108965,325.965327743386,31.818063409488342
Renewable Energy,China,Rejected,Wind,8911.960648319702,901.0599347947774,83.57040258954629
Reforestation,Brazil,Verified,Wind,3524.186861304788,996.16151582528,62.58254946477675
Reforestation,India,Verified,Wind,1629.1514975109055,825.5902484598241,50.40165997215277
Reforestation,India,Rejected,Biomass,351.9328230669337,845.0264764074738,27.209928879409407
Reforestation,USA,Verified,Biomass,6493.641624236194,249.75972737298082,71.96580539491077
Reforestation,Brazil,Verified,Biomass,6405.332942801958,577.1256964588986,70.79792167859878
Renewable Energy,India,Verified,Solar,3471.9812491547873,68.18865805340049,61.04179282630794
Renewable Energy,Brazil,Pending,Biomass,809.9476995917449,95.82301888484804,41.0079686868072
Energy Efficiency,India,Rejected,Hydro,4155.326059462797,998.8937194212573,51.76556749152656
Reforestation,China,Rejected,Hydro,3181.0532011275964,327.312610176485,40.17839210740283
Renewable Energy,India,Pending,Wind,6803.494333376592,748.4357281367975,78.50182894825093
Energy Efficiency,Brazil,Rejected,Biomass,6097.214569581634,806.8583879737896,59.55465672764607
Reforestation,China,Verified,Hydro,3709.477909155646,858.165247736222,63.12904202314045
Afforestation,China,Rejected,Wind,2257.136287124402,997.6306691047544,41.26198812666955
Energy Efficiency,China,Verified,Biomass,9881.55606494036,242.25498877161098,89.8303302124179
Renewable Energy,Brazil,Pending,Solar,4594.6160498415375,41.31047603284001,62.38618500953609
Afforestation,USA,Verified,Hydro,6913.914934224347,411.78032647659137,74.68737793588764
Afforestation,USA,Rejected,Solar,1491.4743790257717,130.950589159118,31.766877786720038
Afforestation,USA,Rejected,Biomass,4907.338026628038,23.40346327289307,44.77072476586912
Energy Efficiency,Brazil,Rejected,Hydro,372.61352670770833,361.0664003143446,27.47373163668199
Renewable Energy,China,Pending,Biomass,5104.005667313454,783.9545128241612,71.35957346480888
Afforestation,USA,Pending,Solar,9643.772330465254,566.6145105338458,86.88500675766473
Reforestation,Brazil,Rejected,Hydro,3903.646458559422,313.4652112211437,41.65288440500855
Afforestation,USA,Verified,Solar,486.06052449162473,654.6876634872269,46.97717925733039
Afforestation,India,Pending,Biomass,406.4623301015009,232.7861621285019,29.360173271792526
Energy Efficiency,USA,Rejected,Biomass,3941.068923474008,15.36706462601294,44.85901526363017
Energy Efficiency,USA,Rejected,Solar,1684.246870985621,764.5890330499909,44.06712468542801
Renewable Energy,China,Pending,Hydro,331.1857536490405,624.1193417791451,46.897122186036654
Reforestation,Brazil,Pending,Solar,7586.514778106751,762.5403218764591,76.55797710929835
Energy Efficiency,China,Pending,Biomass,4639.377787930718,39.89907867097794,56.595879726363364
Afforestation,China,Verified,Solar,2963.5232425292797,837.2825082028215,59.19044129467461
Renewable Energy,China,Verified,Biomass,9010.823511863158,619.906673836267,94.25318429767846
Afforestation,China,Rejected,Solar,1249.7757059852036,563.8319553619275,32.88719808354529
Afforestation,China,Pending,Hydro,9563.59640665766,624.9894340664171,83.06787637395247
Energy Efficiency,USA,Verified,Hydro,3208.270502035793,864.5688136214957,65.68704064639392
Renewable Energy,China,Pending,Solar,8895.196355855944,587.3495700523481,91.3494774798032
Reforestation,China,Rejected,Solar,6069.134477146669,581.3694295082911,59.15936668081626
Reforestation,Brazil,Verified,Hydro,8284.402861440725,990.6884779087001,85.32889908629062
Energy Efficiency,India,Verified,Biomass,9841.730315783596,756.9734369014994,91.77838594793297
Energy Efficiency,USA,Verified,Hydro,2955.2138344055825,442.8515116456841,60.20458428848475
Renewable Energy,USA,Rejected,Biomass,9615.24130553517,707.6896030328948,85.1531025580048
Reforestation,USA,Pending,Solar,3955.8707595339615,389.8412412200967,58.677766209870775
Reforestation,China,Verified,Solar,3916.567856895531,229.6465870210155,59.87930515468781
Reforestation,China,Rejected,Biomass,3469.8323321196062,597.2550250108717,43.32171191070675
Afforestation,China,Pending,Solar,5459.935312741093,928.2539160158375,67.58221572386384
Reforestation,Brazil,Rejected,Biomass,1626.0359274670222,929.2103804954472,35.42228344228958
Afforestation,India,Pending,Wind,5581.74370504431,342.56337282738485,58.334352253495396
Renewable Energy,China,Rejected,Hydro,5462.87764285904,528.1497887554733,61.595886101849935
Afforestation,India,Pending,Wind,7642.827944788213,212.42426267129133,67.33838235065397
Renewable Energy,Brazil,Verified,Biomass,8353.134623182097,995.6354783893846,92.72202789980433
Reforestation,USA,Pending,Hydro,4460.369368092998,981.1367899600677,65.11321474006567
Reforestation,China,Rejected,Biomass,3093.099168579788,649.8594207777398,41.96409005067634
Renewable Energy,India,Rejected,Hydro,2667.4154834392352,804.6096456177959,47.38317387337413
Energy Efficiency,India,Pending,Hydro,2026.7759833782322,715.3850611224163,48.287730528115326
Renewable Energy,China,Verified,Hydro,670.7110637703463,593.5650608204287,53.28920592705602
Energy Efficiency,USA,Verified,Hydro,3490.234990463662,54.294648991908794,58.9941214422374
Afforestation,USA,Pending,Biomass,2775.452152094754,455.3095782101084,48.430356542574856
Afforestation,USA,Pending,Hydro,9667.532120077432,675.1115158652432,86.08877575903959
Afforestation,Brazil,Rejected,Hydro,5621.317379875435,677.854082269801,51.88512772207519
Reforestation,India,Verified,Wind,3538.0426864020246,373.7494958039612,55.42770839004973
Afforestation,India,Pending,Solar,5846.629249837591,941.7502946713726,66.65064919590168
Energy Efficiency,India,Verified,Solar,1478.0473433223856,168.18967520454422,47.07213346865737
Afforestation,Brazil,Pending,Wind,4496.033117101809,500.859086769345,55.4887564532025
Renewable Energy,India,Pending,Wind,6299.719782068532,691.193092574272,75.41052983608537
Renewable Energy,Brazil,Verified,Biomass,4940.088534745269,697.4386700859175,72.67482937458551
Reforestation,USA,Pending,Biomass,4077.61012647781,648.9903178120468,58.87795381050952
Renewable Energy,China,Pending,Biomass,9939.099050107012,276.0129252384083,90.45562450291914
Energy Efficiency,India,Rejected,Wind,8815.116145274378,157.05036211793535,67.64608434755124
Afforestation,India,Pending,Wind,6271.718985778457,636.3043864998841,64.72163879389112
Reforestation,USA,Pending,Hydro,5736.8358757046,599.7028140232983,67.68120751875598
Afforestation,China,Pending,Biomass,6244.538750263382,180.17665427895173,61.024460294106426
Afforestation,Brazil,Rejected,Biomass,2092.9898674420892,705.4340064249927,33.51928940146038
Energy Efficiency,China,Verified,Biomass,4011.863658316754,455.71681974192273,62.616486489002995
Renewable Energy,USA,Rejected,Solar,490.64937561990325,668.0928310115498,42.13417518821501
Renewable Energy,USA,Rejected,Hydro,4807.905771119584,837.5297126903805,63.414825982501725
Afforestation,China,Verified,Biomass,5475.943381180866,170.55870014834625,62.0853039073878
Reforestation,Brazil,Rejected,Biomass,2354.722387421775,20.12572312883984,29.974869168397273
Renewable Energy,Brazil,Verified,Biomass,9643.885586938586,779.323483809391,97.01266277278684
Reforestation,India,Rejected,Solar,9103.600648278696,610.0877277274633,71.6188805186681
Renewable Energy,Brazil,Verified,Solar,7249.218031013468,699.9399300524996,87.24548945559233
Reforestation,China,Pending,Wind,5380.52762477709,838.3168200136539,67.28580632402199
Energy Efficiency,USA,Rejected,Hydro,8712.69468051208,803.008123889676,77.59355464145716
Reforestation,India,Rejected,Wind,1393.4582038522828,960.9592267818958,35.57688328708038
Energy Efficiency,India,Rejected,Hydro,7926.0469633213615,536.3991437732661,65.99422625433947
Energy Efficiency,USA,Rejected,Solar,1335.7260582717981,489.00713702724545,39.568701661631444
Reforestation,Brazil,Pending,Biomass,7962.685559239114,402.48531269083935,71.83828092310397
Energy Efficiency,USA,Rejected,Wind,2830.098925688434,154.53735180136033,42.69586814645577
Afforestation,Brazil,Pending,Biomass,8783.19675208007,573.0346256491404,75.64633001689175
Energy Efficiency,USA,Pending,Wind,9446.016728871438,277.7355118016528,87.00743876237372
Renewable Energy,China,Pending,Solar,1573.0800971106448,921.3862047007625,58.07926253256085
Reforestation,Brazil,Pending,Solar,4680.488490147396,583.6076134728205,60.23851858546519
Afforestation,China,Verified,Solar,9811.775043810583,593.247340327602,90.99134862232893
Reforestation,India,Verified,Wind,4885.733616134152,355.56973621613304,61.98436544283209
Renewable Energy,USA,Rejected,Hydro,8649.120472893997,52.93736262572978,74.77497599072728
Renewable Energy,India,Verified,Wind,5928.442069100067,32.71202160761563,71.9693305615765
Renewable Energy,India,Verified,Hydro,3815.7660884040583,423.9118090090443,64.31794853211073
Energy Efficiency,India,Rejected,Wind,2929.257199706115,85.48081271914062,37.50109412572198
Energy Efficiency,India,Rejected,Wind,2111.908601752264,607.2401085845989,38.631944094607306
Reforestation,USA,Rejected,Solar,7641.802094639203,881.0920326340178,72.0199307995362
Reforestation,India,Verified,Biomass,3926.751017547976,883.0319017022034,60.46407410476192
Afforestation,USA,Verified,Biomass,5161.627075787436,659.3863647221002,67.40199902615818
Afforestation,USA,Rejected,Hydro,4974.022252011701,212.0205996414581,47.99031725647309
Reforestation,China,Pending,Biomass,5815.062389407999,863.1338345275132,67.70665029231513
Energy Efficiency,Brazil,Rejected,Wind,8669.213741683066,886.2073418778949,75.20814212719428
Renewable Energy,Brazil,Pending,Wind,9809.319501475951,197.45693136800574,89.02116682105981
Reforestation,USA,Pending,Solar,4135.083664880787,737.6886596849066,63.052304921253
Afforestation,China,Rejected,Solar,8292.4373288524,287.23302937819585,65.33451693804396
Energy Efficiency,USA,Rejected,Biomass,7668.825167081704,802.8376720405768,71.3725025558143
Reforestation,USA,Rejected,Hydro,5777.936619410175,997.2406620036991,61.86208971708786
Reforestation,USA,Verified,Biomass,9564.866721758137,30.99597932406342,85.13429340203132
Energy Efficiency,China,Pending,Biomass,2084.6977037311876,897.468499925141,52.39817351790735
Reforestation,Brazil,Verified,Biomass,1181.715682065252,623.0079030650594,45.13865744097686
Energy Efficiency,China,Verified,Biomass,8554.223472858679,973.4092365456563,90.50520972974996
Renewable Energy,India,Rejected,Wind,4447.583184674108,465.5445080089012,53.89336100345956
Energy Efficiency,China,Verified,Hydro,8484.991656649898,847.5405426408024,89.90036370965751
Energy Efficiency,China,Rejected,Wind,8941.593031434608,63.331674529678956,70.34128190246983
Energy Efficiency,China,Pending,Hydro,718.3301768288072,335.94377102821744,40.95108859442621
Reforestation,China,Rejected,Solar,8846.301153562,67.94952121345877,67.91100097994459
Reforestation,Brazil,Verified,Biomass,4538.358648157279,975.3677903455915,65.4454711442423
Energy Efficiency,India,Verified,Wind,5153.281641141899,817.1569333645649,70.93797753935515
Reforestation,Brazil,Rejected,Hydro,6303.265859822782,852.6948738247245,59.043278037361155
Afforestation,Brazil,Rejected,Solar,9271.187806627859,938.0272662024603,74.73621169516389
Afforestation,China,Verified,Solar,289.24933485466386,86.01838263366557,38.30643050060998
Reforestation,USA,Pending,Biomass,4820.750336346389,386.21199492082,59.96587163094014
Reforestation,USA,Pending,Hydro,6908.448220062551,71.96385415495813,68.26187964186234
Energy Efficiency,Brazil,Rejected,Wind,7254.798881212461,211.58230844847859,61.389817490547095
Renewable Energy,Brazil,Pending,Biomass,6956.071072217369,230.13641126063467,73.0817194736932
Reforestation,China,Verified,Wind,1430.9077811404063,469.6381038365311,48.85091994406734
Afforestation,Brazil,Rejected,Solar,3064.0163248796443,269.29360528618895,37.01301767726011
Energy Efficiency,China,Verified,Wind,3651.2837016284334,101.87712871094334,59.275189795251606
Reforestation,USA,Verified,Wind,8063.9283560271,168.3235980050136,81.00287776018564
Afforestation,USA,Pending,Biomass,2859.7227369040747,148.12828798853883,45.77989656440576
Afforestation,India,Rejected,Wind,2185.9791422853114,973.103721114386,37.66093292257042
Renewable Energy,USA,Rejected,Biomass,9578.735388477153,759.5332144115552,85.48900908650131
Energy Efficiency,Brazil,Pending,Solar,187.74652262334212,967.7937038042924,44.61666965115963
Energy Efficiency,USA,Verified,Biomass,9978.426471251585,440.30074602140064,94.29513981647193
Renewable Energy,China,Verified,Biomass,6800.5308586882165,279.09011318099397,79.79355542525101
Renewable Energy,USA,Verified,Hydro,8301.846064546258,798.4949040119775,95.49417936285107
Energy Efficiency,India,Verified,Wind,3016.7320238273123,326.9276641231056,55.35293676036762
Energy Efficiency,USA,Rejected,Solar,241.72124890389378,300.08399033164295,32.2094461478359
Reforestation,China,Rejected,Biomass,7404.908233759147,233.27348621562336,59.35727603095197
Reforestation,China,Pending,Solar,8358.03151030669,130.54929924601112,76.09565054399356
Renewable Energy,Brazil,Pending,Hydro,7430.7137063398395,257.2065979557492,76.72563451125669
Reforestation,USA,Rejected,Wind,1514.2178442783022,355.9644287254138,35.13073350864565
Afforestation,China,Rejected,Biomass,7558.936430343994,674.3202139375846,62.53788429109582
Reforestation,India,Verified,Wind,7712.335542865646,63.502277377232126,73.19670048810056
Reforestation,Brazil,Verified,Hydro,6619.551105133543,211.29643272567762,69.21071985292448
Afforestation,India,Pending,Hydro,7684.547734676304,809.2146166513847,72.51488483989536
Renewable Energy,USA,Rejected,Solar,8474.622252809548,147.775001660187,76.85086128064961
Afforestation,USA,Pending,Biomass,6174.680730950839,343.30250137599904,64.30642866851417
Reforestation,USA,Rejected,Solar,977.1866682998227,864.7942629362819,38.533875970861935
Renewable Energy,Brazil,Verified,Hydro,4927.515315705387,155.7703858322992,68.19528043684993
Reforestation,China,Pending,Wind,868.7284132488901,83.65409878257171,37.18018305407017
Afforestation,Brazil,Pending,Solar,4134.676007221065,485.0534570849308,54.523914606954634
Afforestation,India,Rejected,Solar,4130.354242343714,303.1170917672579,41.68294212939115
Reforestation,Brazil,Verified,Wind,753.4974569883916,563.8449561193703,44.40593684613566
Energy Efficiency,India,Pending,Solar,3553.3232862978452,804.0010855929917,58.80662728741915
Energy Efficiency,Brazil,Verified,Wind,1198.8811780340168,138.01133966459042,45.37451928681599
Afforestation,China,Pending,Biomass,8101.528579091299,581.1183854697307,74.3188267501538
Afforestation,India,Verified,Wind,9482.11145704826,506.00325162947405,84.47058980153605
Energy Efficiency,USA,Rejected,Biomass,815.9331050535922,144.93470722718638,30.529012597539825
Energy Efficiency,USA,Pending,Wind,9555.640552187844,624.3744870434534,91.02194763137376
Reforestation,Brazil,Pending,Hydro,5273.508333433777,274.36677744291086,58.11120944159799
Reforestation,USA,Verified,Hydro,3065.7002117433517,488.3464842254685,58.21196590097144
Energy Efficiency,India,Verified,Biomass,860.9345452340187,83.19005195278481,40.136573245697946
Reforestation,USA,Pending,Biomass,5056.180253897136,460.1244731564094,61.882146001049776
Reforestation,China,Rejected,Hydro,7965.703890458412,307.1570045747775,63.90008949803984
Renewable Energy,China,Verified,Biomass,7100.156124940312,822.558829974169,86.72636892444325
Reforestation,Brazil,Verified,Wind,597.2375134933402,57.92174827037091,38.56540505017041
Afforestation,India,Verified,Wind,821.7281701422447,419.18866764341163,40.30052752714534
Reforestation,China,Pending,Hydro,4088.445498063107,458.97299270730656,56.0319574173886
Reforestation,China,Pending,Solar,3023.3758910746383,725.2810702228196,55.36969015760139
Energy Efficiency,India,Pending,Wind,2400.6047982548735,574.7132875151208,49.75015686642558
Afforestation,USA,Pending,Biomass,2881.9445391962645,667.5451248569868,51.08517394455119
Reforestation,USA,Rejected,Solar,8054.4791586391575,777.2722363661044,73.04511815685683
Reforestation,Brazil,Rejected,Solar,9299.357730955353,862.3407706845305,76.12019636162208
Renewable Energy,USA,Pending,Wind,4110.516675822908,314.561621225748,65.69819959137202
Reforestation,India,Rejected,Wind,9070.49892111172,538.4846826585391,69.73734143214399
Reforestation,China,Verified,Solar,3282.8074423540315,840.2679703607607,62.81671691537777
Renewable Energy,USA,Verified,Solar,4816.726164803537,989.4616798340913,81.9782476223586
Energy Efficiency,Brazil,Verified,Hydro,2337.687078378397,889.6297917327194,57.58473330921918
Reforestation,USA,Pending,Biomass,6440.712817540855,372.09579536175244,67.92452204132181
Renewable Energy,India,Verified,Hydro,9791.913040230607,195.97135070143176,91.91927870816735
Afforestation,Brazil,Rejected,Wind,6074.581650829448,489.90314486918214,53.27193970283906
Energy Efficiency,USA,Pending,Hydro,3642.359432724134,741.8998103842061,61.63079526746273
Afforestation,Brazil,Rejected,Hydro,6513.3927153062305,493.0765016825443,54.4977285933566
Afforestation,India,Verified,Hydro,1316.9147168073368,483.6976824503548,42.421550408540234
Renewable Energy,China,Verified,Hydro,8897.724894627447,838.3921906607188,96.87254637974442
Reforestation,India,Verified,Biomass,5080.53111272038,362.04237528811916,61.02307931648309
Renewable Energy,India,Pending,Biomass,4548.562446192456,859.934880136834,66.34216103233062
Renewable Energy,India,Rejected,Solar,5900.06140568984,407.39799615077186,61.574286989956924
Renewable Energy,India,Pending,Wind,6285.360241615084,328.9048725726611,71.71584993380203
Renewable Energy,China,Pending,Hydro,810.580481642479,454.5359212884993,47.59826162109739
Energy Efficiency,China,Verified,Solar,6857.910490111683,762.6845117161936,82.91639756772035
Reforestation,Brazil,Pending,Solar,2495.123635123743,126.87602583613028,44.74437843398002
Afforestation,USA,Pending,Solar,7168.131061815239,197.22279665614536,70.81288327563766
Afforestation,China,Verified,Biomass,8243.094464403548,951.4933808374288,83.73040613039203
Reforestation,China,Pending,Hydro,8059.189224769951,176.31613575397603,73.0591074813895
Afforestation,USA,Verified,Hydro,5569.759577338103,568.1595906131236,69.53039379282174
Reforestation,China,Verified,Wind,5249.681933876436,579.7351521952759,69.04576119133495
Afforestation,India,Verified,Hydro,1514.472017260176,490.13483758819456,43.47370846218283
Renewable Energy,India,Verified,Hydro,7775.926888991043,645.1005033282418,86.33063947823763
Afforestation,USA,Pending,Solar,2786.952866422472,230.59689907182081,49.24073332283057
Reforestation,Brazil,Verified,Wind,5017.284685897671,553.1096055089714,65.61751948457807
Reforestation,Brazil,Verified,Hydro,2914.3135199824155,372.8010819916503,52.29957841982858
Reforestation,USA,Pending,Biomass,1424.9007936969622,662.0055923695598,45.74455989218041
Reforestation,USA,Pending,Hydro,6332.621199228192,142.0823198297763,66.08392919443872
Reforestation,India,Rejected,Solar,637.8871447467479,571.3065394226368,28.902501117960107
Energy Efficiency,Brazil,Pending,Biomass,7511.5878178493795,186.08508502794038,70.4187899395263
Energy Efficiency,China,Pending,Solar,3244.109273085055,279.36442005192134,55.01419056594449
Afforestation,India,Rejected,Hydro,101.33346074440468,219.49109052325963,18.70157820895462
Reforestation,USA,Pending,Biomass,5160.178478448575,183.6549420889483,59.637441813132355
Afforestation,Brazil,Pending,Wind,563.833894423271,825.8852406091063,39.078021878207416
Reforestation,China,Pending,Wind,2834.0786224269045,286.42186009322944,49.034611713066816
Reforestation,China,Pending,Biomass,7099.06722581159,927.1966580825849,74.76730270988381
Energy Efficiency,India,Rejected,Biomass,720.6272540564721,969.9565988198457,33.30270225848082
Energy Efficiency,Brazil,Pending,Solar,8409.451074324423,571.6892094671603,81.76414746629371
Renewable Energy,Brazil,Pending,Biomass,137.81723431997278,143.85812154306066,38.12766738703047
Energy Efficiency,USA,Rejected,Solar,2543.556305098832,375.1736951362017,44.46951847685618
Renewable Energy,Brazil,Verified,Hydro,7434.950155905507,797.9345310848659,87.15409609037619
Renewable Energy,Brazil,Rejected,Solar,3231.074482320137,368.02333796837337,48.83560579128442
Renewable Energy,India,Verified,Biomass,1108.734641853534,87.93020108448596,46.422975220112534
Renewable Energy,Brazil,Rejected,Biomass,3666.315796124236,557.2281260172598,49.903860240793776
Renewable Energy,China,Rejected,Hydro,2776.893535206803,845.2757306445387,51.337224982479405
Afforestation,India,Pending,Biomass,8442.847831389494,796.1304607563588,75.17554376451106
Energy Efficiency,India,Verified,Biomass,3202.144384092917,175.9480169902229,52.77020209036681
Renewable Energy,USA,Pending,Wind,7910.431470582472,673.0918497980542,88.2830758508929
Reforestation,Brazil,Verified,Wind,8929.534233626275,221.28375917221146,81.86050875985349
Energy Efficiency,USA,Rejected,Hydro,4394.792453807642,218.98932701762007,50.16385553921441
Energy Efficiency,China,Rejected,Solar,9108.437124158481,874.1977015318799,80.2841626361112
Renewable Energy,India,Verified,Wind,3835.448734235609,250.41928378748992,63.68143650905294
Afforestation,India,Pending,Solar,9644.37632325207,263.9840991714932,78.86172260797528
Renewable Energy,India,Pending,Biomass,983.966292803172,1.6527373705382553,39.936358837721244
Afforestation,China,Pending,Wind,6901.490738382103,870.7983650913922,73.21543734282443
Reforestation,China,Pending,Hydro,4988.759000523594,792.8022183959256,63.871817186577225
Energy Efficiency,USA,Rejected,Hydro,3937.723174010906,627.7016061555873,51.9656319316104
Reforestation,USA,Rejected,Hydro,6363.847599611149,750.5154981749034,62.324392979804784
Afforestation,USA,Rejected,Wind,7068.1852071798785,152.89651885706732,58.86989122447007
Afforestation,Brazil,Rejected,Solar,143.19636953805997,458.86527099298786,24.30463455762018
Reforestation,India,Rejected,Biomass,1752.8355785972674,351.8681679614321,29.282859572600657
Afforestation,India,Pending,Solar,7159.155901279755,94.68274973075947,64.74260700370638
Reforestation,USA,Pending,Solar,6697.215594424244,486.64435472970916,73.35252151941832
Energy Efficiency,India,Pending,Biomass,9663.870300773904,920.8189106922928,87.52754061079244
Reforestation,USA,Pending,Biomass,7634.274123482752,41.01905993164379,70.5815612167302
Energy Efficiency,Brazil,Rejected,Wind,9512.649806540247,292.1694525803001,73.48494355850423
Reforestation,Brazil,Rejected,Wind,7055.150965194589,208.33339526949777,57.359088778667925
Afforestation,China,Rejected,Wind,3050.716865530487,238.9085070120306,37.64266939777274
Reforestation,Brazil,Verified,Wind,1143.112730283479,908.5261173274959,49.800824824692356
Afforestation,USA,Pending,Wind,7840.056247114862,468.60098518005583,75.88629108737487
Reforestation,Brazil,Pending,Biomass,6477.077292611568,466.833113526879,65.05371759832663
Reforestation,China,Rejected,Solar,577.0415226936327,760.815066812827,33.493358281596436
Renewable Energy,India,Pending,Wind,3664.4996124196855,155.33771180092089,56.87587518010764
Afforestation,USA,Pending,Wind,9572.318173294432,487.77808874595075,84.73937175393166
Renewable Energy,India,Rejected,Solar,5053.971342530992,430.5552289069387,57.575409001724346
Afforestation,China,Verified,Wind,4384.018446595076,597.3137798561095,62.893230031536476
Renewable Energy,China,Verified,Solar,4631.22609107701,999.5581455471881,79.15171191085693
Energy Efficiency,China,Verified,Solar,2167.938967651121,769.679445187965,59.53648929013526
Reforestation,India,Rejected,Biomass,3750.2009915614726,398.46783731440973,39.73568333095146
Afforestation,India,Pending,Hydro,3761.1512342730484,827.7254992217729,53.083011163582974
Afforestation,India,Rejected,Biomass,618.3146998559768,171.5376549491677,19.80695004877156
Reforestation,India,Rejected,Hydro,7698.919522327391,31.433222622651165,56.80892983786347
Afforestation,China,Pending,Hydro,4223.393875848402,205.2439240918088,52.1694086201601
Afforestation,China,Verified,Hydro,8239.58087948259,341.0711445581454,78.6086158429944
Renewable Energy,USA,Verified,Wind,8518.445211086964,511.07017670210035,94.70292782245582
Afforestation,USA,Rejected,Biomass,2198.741141516715,615.5140114006587,37.14884582159016
Energy Efficiency,India,Verified,Hydro,6607.799473484273,910.6951114972073,78.14594848239344
Energy Efficiency,Brazil,Rejected,Solar,4775.589861213519,510.3441555409072,52.98139086147667
Reforestation,Brazil,Rejected,Wind,8813.551705422702,501.77436898110363,69.08550221692454
Afforestation,China,Pending,Biomass,2235.832723846896,51.19276681315915,39.69109128736607
Reforestation,China,Pending,Hydro,6810.350683069438,35.876641103567586,65.41051982638287
Energy Efficiency,China,Pending,Solar,6116.746010301954,551.6088019544557,72.09981807105433
Afforestation,USA,Rejected,Biomass,3023.4846279611447,438.74043463509616,39.504827486156685
Afforestation,USA,Pending,Biomass,1452.3489461466088,839.3412145853183,45.655156876586226
Reforestation,China,Verified,Wind,6551.233628725038,161.51890512713334,71.37135719489652
Energy Efficiency,China,Verified,Biomass,7412.114835510074,25.946690454932547,75.32004108209969
Afforestation,China,Rejected,Wind,3224.710703257165,449.58972916219574,40.61945080790778
Reforestation,Brazil,Rejected,Hydro,6483.842779820907,238.24107819550522,53.801624681059586
Energy Efficiency,USA,Pending,Wind,4011.7959853538823,50.56475896549861,57.564627516424395
Reforestation,Brazil,Rejected,Solar,7160.748144497916,724.8736885607814,64.05247760809739
Renewable Energy,Brazil,Rejected,Wind,2072.2312214511257,112.48140695729023,39.48597017682853
Afforestation,China,Verified,Solar,8913.128526098126,608.711180507764,86.65275443556827
Renewable Energy,China,Verified,Wind,2945.3550050092394,281.76870041672225,62.54446202921342
Energy Efficiency,India,Pending,Biomass,3741.0812787859136,174.322554304667,50.44863193697624
Renewable Energy,India,Rejected,Hydro,675.1103255954629,380.3717713963982,33.17926934194129
Renewable Energy,Brazil,Rejected,Solar,1203.9709019806362,801.6443304467307,43.036297814370485
Energy Efficiency,USA,Verified,Wind,5207.032836852049,392.70148332766814,71.96217901753693
Reforestation,China,Rejected,Wind,2749.1674996069178,751.0188795618446,43.256026293653036
Renewable Energy,China,Verified,Wind,8371.254234847724,126.36081050235154,88.11987927926214
Reforestation,Brazil,Pending,Biomass,245.46454768404305,772.9986482454141,36.95730922087436
Renewable Energy,India,Verified,Biomass,3853.0310818521684,237.696391581742,61.64211932507826
Reforestation,USA,Rejected,Solar,3439.7209130140177,677.7157367589839,48.97576193265993
Energy Efficiency,India,Pending,Solar,291.34354608425025,566.2157732861554,40.118875463282805
Renewable Energy,India,Verified,Biomass,1331.247150105051,929.2155724944756,55.94839147547001
Energy Efficiency,India,Verified,Solar,4195.062481694489,387.9351954573387,62.854664363045835
Renewable Energy,India,Pending,Hydro,4979.3593860297215,67.09902364560601,61.56778716660467
Energy Efficiency,China,Pending,Hydro,4102.4684978232035,20.136330065701653,54.71370578977304
Energy Efficiency,China,Verified,Biomass,5356.283016279729,827.0317024117803,73.05173210551645
Renewable Energy,India,Rejected,Solar,5991.803581566247,525.2109020237707,63.21112692806894
Renewable Energy,USA,Verified,Wind,198.24582916557273,775.4688077831144,55.745917223659006
Renewable Energy,Brazil,Pending,Hydro,4694.542078589689,235.19117441150317,62.82462213706347
Afforestation,USA,Verified,Biomass,9638.642484787124,345.7386617677205,86.65059904161282
Reforestation,USA,Pending,Solar,5238.419573282532,31.07376833910762,61.502835549803734
Afforestation,USA,Pending,Biomass,6807.668447843636,961.5308322495381,73.65365056171356
Afforestation,India,Rejected,Wind,3187.452193377144,668.2000387941126,39.61926135482685
Energy Efficiency,China,Pending,Hydro,7762.514643712349,933.2718826715469,82.14529204527722
Renewable Energy,USA,Pending,Biomass,7751.922670573539,266.23091102164324,81.42192246308413
Reforestation,India,Rejected,Biomass,5260.8308717759755,611.8521476144351,49.42267583502423
Energy Efficiency,USA,Pending,Biomass,9762.536850464214,678.8214683243451,90.60089893556452
Afforestation,USA,Rejected,Wind,1342.9471261502683,318.23215055733084,31.89705713632465
Renewable Energy,India,Rejected,Biomass,267.7818824068518,848.2611257806144,34.8215206698404
Energy Efficiency,China,Pending,Wind,7724.56629639525,947.2143014373476,83.09497449634972
Renewable Energy,China,Pending,Wind,8090.839819912338,884.9702625783083,89.30390172534477
Energy Efficiency,Brazil,Verified,Wind,1290.0515682937048,739.3279089634332,51.843536931102854
Renewable Energy,India,Rejected,Hydro,2729.2700462902003,278.1872150452291,42.428222381903296
Afforestation,Brazil,Verified,Hydro,273.76839732962617,282.3344260635261,36.19218624728339
Reforestation,Brazil,Pending,Biomass,3003.7552467275905,963.3969601255919,52.65274583489387
Afforestation,Brazil,Verified,Biomass,7754.104551794848,11.274211439756336,69.8832648733718
Reforestation,China,Rejected,Hydro,5227.809224354532,716.3339232689024,54.302385354461684
Renewable Energy,India,Verified,Solar,3546.146372366052,706.5399163927069,67.79613102575733
Energy Efficiency,Brazil,Rejected,Hydro,3780.21901957267,623.0668514088477,47.131763611951826
Afforestation,India,Pending,Wind,113.40089458313473,990.118737240779,37.46819184532346
Reforestation,India,Pending,Hydro,3068.025222895835,312.5675563279615,46.46580167775879
Afforestation,China,Rejected,Wind,6499.941542215512,340.6318919294549,55.90602663037211
Reforestation,Brazil,Pending,Biomass,9744.524993781935,79.86046354360899,77.52122960434576
Afforestation,Brazil,Pending,Solar,8485.902187140606,443.3553384071937,75.86306431977496
Reforestation,India,Pending,Biomass,333.5901499907384,261.78747770861327,31.285825527039826
Reforestation,USA,Pending,Wind,8995.749986280909,344.04331547546656,82.41918308615921
Renewable Energy,China,Rejected,Wind,7853.664291656397,834.737218465372,77.61569364293571
Reforestation,China,Verified,Wind,7825.723623352706,935.5490290139683,85.48410840690322
Renewable Energy,China,Verified,Solar,4634.158014135358,186.54733893318044,71.0362634600086
Reforestation,China,Pending,Hydro,4040.252400249578,373.1364226219124,54.93262622746701
Energy Efficiency,Brazil,Verified,Biomass,3098.865715448607,928.7019315532787,60.78134789277582
Energy Efficiency,Brazil,Verified,Biomass,750.3791036482212,62.746652228533414,40.379362040526445
Energy Efficiency,USA,Pending,Hydro,2359.530098587621,93.26816758326714,48.73033216877078
Reforestation,China,Pending,Biomass,2541.3759862824436,163.62819821702314,44.34316191358245
Renewable Energy,China,Verified,Solar,4892.362990130996,595.6176212927479,76.41799116358246
Renewable Energy,India,Rejected,Biomass,7499.69962530727,151.32179873499146,64.01171611388627
Reforestation,Brazil,Pending,Wind,4790.717301139672,968.1083050692828,63.63466955639119
Energy Efficiency,China,Rejected,Hydro,672.66004952689,447.2678127312618,31.835978374947068
Energy Efficiency,USA,Verified,Solar,9582.119029783218,502.01644238981623,95.93075957281425
Renewable Energy,USA,Pending,Hydro,9432.970759031712,247.41195718960108,90.63897336705458
Energy Efficiency,Brazil,Rejected,Solar,7873.376477169243,471.48929218229875,68.0817753076692
Afforestation,USA,Pending,Wind,9914.146225485783,662.2517190043745,88.19324831747267
Renewable Energy,USA,Verified,Hydro,5490.375094722603,751.4259598170887,80.9661350717839
Energy Efficiency,Brazil,Rejected,Biomass,9631.40666750674,754.1142146272031,76.69817548380573
Renewable Energy,China,Verified,Solar,848.4899021058327,578.3132215813943,56.025581726343106
Afforestation,China,Verified,Hydro,3720.239407787576,904.4554152188633,61.645751191126514
Renewable Energy,USA,Pending,Biomass,2331.274553266982,817.5904394588033,59.83227716092294
Renewable Energy,USA,Rejected,Hydro,2038.7475329292733,757.2910665839267,48.76664833048564
Renewable Energy,China,Verified,Hydro,1493.9491940374933,56.549916158780164,52.03524513177527
Renewable Energy,Brazil,Verified,Hydro,6261.895051503367,7.871084257429665,73.38818610009113
Afforestation,USA,Rejected,Solar,7835.08637189832,213.23482991827748,64.30778015867438
Reforestation,India,Verified,Biomass,5825.1541542615705,663.8600703195389,67.76437147450324
Renewable Energy,Brazil,Verified,Wind,1554.9308249232758,411.78629139366325,54.89251703855301
Renewable Energy,USA,Rejected,Solar,8130.125322341362,403.0038530400124,77.68066514210693
Energy Efficiency,USA,Rejected,Solar,6395.951600920912,884.7023013413841,68.82678101801841
Renewable Energy,India,Rejected,Solar,3942.8404906572555,895.6672852837069,56.67087530612335
Energy Efficiency,India,Rejected,Wind,6773.889925807023,909.2660887895321,64.96211051693044
Reforestation,China,Pending,Biomass,2673.0592945040453,314.5641984385123,46.51093845690535
Afforestation,Brazil,Rejected,Biomass,3517.402864092684,691.3647569265225,40.50066188972865
Afforestation,Brazil,Pending,Biomass,9183.109847006703,272.3615480930953,74.63916471596447
Reforestation,China,Pending,Hydro,2975.994606147062,191.41922324137533,47.79416526314906
Afforestation,Brazil,Pending,Hydro,4752.883854763572,185.44782489002185,52.61889752271808
Reforestation,Brazil,Verified,Hydro,8912.397260220545,342.76551324273044,81.98964143353004
Reforestation,Brazil,Pending,Wind,7106.441367648522,430.52766216004187,69.83748345984303
Reforestation,Brazil,Pending,Hydro,715.8119390305573,831.1182218840133,40.890241913992924
Afforestation,Brazil,Verified,Wind,1558.3001383618064,120.77120237923938,41.99921271560143
Energy Efficiency,India,Verified,Biomass,177.63174864197651,735.1909215474993,43.240067958684875
Reforestation,Brazil,Verified,Hydro,6346.125723268718,531.923459275116,71.04986320909475
Renewable Energy,India,Rejected,Hydro,4531.966911563141,288.6573973333165,51.54640853114887
Afforestation,Brazil,Verified,Solar,1429.3210239325279,493.3267649482918,46.07987276914555
Reforestation,China,Verified,Wind,9583.547798462027,300.6421277072456,87.92416026938258
Reforestation,USA,Pending,Biomass,5343.631267061637,596.4858732830677,64.68301506813887
Renewable Energy,India,Verified,Solar,2494.743611717603,434.41007893238896,59.81781884791191
Energy Efficiency,Brazil,Rejected,Solar,5055.9753544316045,165.24112354979985,50.93228800765602
Energy Efficiency,China,Verified,Biomass,6828.2412940775675,117.46649148114102,73.31587138519924
Energy Efficiency,USA,Rejected,Solar,854.7682579382883,547.148986390058,37.74533115359202
Reforestation,India,Verified,Wind,2819.5677689741306,902.5106202528174,57.12294504739883
Reforestation,USA,Verified,Wind,8088.958359751537,344.6137288711279,82.89092908746896
Reforestation,China,Verified,Hydro,4650.682216986346,733.2671071154006,66.58608215608574
Afforestation,India,Verified,Solar,5511.11370611972,659.0026935848272,67.14559546644688
Renewable Energy,USA,Rejected,Hydro,4384.8784218737455,931.6233593951715,62.24062570332045
Reforestation,Brazil,Rejected,Solar,534.6094321657506,821.1600362818417,31.88464752364717
Renewable Energy,India,Pending,Wind,1740.9228202195436,567.0386536465575,51.37500063756329
Renewable Energy,USA,Rejected,Wind,4510.86222354472,657.3734677358732,61.12804579508233
Energy Efficiency,China,Verified,Wind,2170.9361075384854,898.4880801174509,59.839561338866936
Afforestation,China,Pending,Solar,594.7923837308194,400.11926580234785,37.975154576677575
Reforestation,India,Pending,Wind,8452.131674113056,327.46791115191957,74.53533748208449
Energy Efficiency,USA,Pending,Solar,9813.806038724746,11.800272551561143,87.18703291913934
Energy Efficiency,India,Verified,Hydro,7952.11445256772,826.7245231172727,84.02781749401133
Reforestation,India,Rejected,Solar,8552.470724876204,801.1797197029615,70.77415082141064
Renewable Energy,USA,Verified,Hydro,2495.5735901387493,105.35006358205123,59.53136858651426
Energy Efficiency,USA,Pending,Solar,9610.207057580677,577.2805237515676,91.82384052541906
Renewable Energy,Brazil,Verified,Hydro,2049.564474088941,464.5177164687205,56.892999535131906
Afforestation,USA,Verified,Wind,9519.15512258214,119.59038641360235,85.79167947704673
Renewable Energy,China,Rejected,Hydro,9948.711010262916,980.5876588336628,88.5494316396512
Afforestation,India,Rejected,Wind,7146.055776885883,215.4811915758921,54.88509080018834
Renewable Energy,India,Pending,Wind,9813.322944739037,68.16694591047059,86.74828418279989
Energy Efficiency,China,Verified,Hydro,5738.4438177143265,595.2525321224076,73.6447444097957
Energy Efficiency,USA,Verified,Solar,2669.4636534432943,739.1278104558996,63.73859637177547
Afforestation,China,Rejected,Solar,4426.259268089647,33.41100260113978,43.46540636645963
Reforestation,China,Verified,Biomass,5976.253260249981,659.0589210882952,71.47185551213286
Afforestation,Brazil,Verified,Solar,823.5074640674484,532.759584075503,43.44513316109227
Afforestation,China,Verified,Biomass,6261.1983197107365,104.16174386617337,65.34760903721542
Renewable Energy,India,Rejected,Solar,9813.660583946716,173.3513530694157,78.80181645042774
Renewable Energy,China,Pending,Solar,1982.0657328589036,568.4063230187644,56.59439189448216
Afforestation,India,Pending,Wind,7946.691651254995,297.06125589977506,69.70407081527273
Energy Efficiency,India,Verified,Biomass,9088.198058418231,938.3774129226648,89.82476442131781
Renewable Energy,India,Pending,Solar,9442.645768920185,818.9214892545667,93.4024437371466
Reforestation,USA,Rejected,Biomass,9605.342483613927,983.5836393071494,79.86254881114112
Renewable Energy,Brazil,Rejected,Wind,5262.450423342572,260.41116811146355,56.9163637978275
Renewable Energy,India,Pending,Wind,9775.348289115887,969.753909165179,95.57428053723123
Reforestation,India,Pending,Biomass,7597.371050630944,431.8026359217663,69.30488161237238
Afforestation,USA,Verified,Wind,1700.5472187459227,348.1712765184409,48.98444885891402
Reforestation,India,Pending,Hydro,4821.311054032903,51.299177442383886,52.61954704458835
Afforestation,China,Verified,Hydro,7211.478636182839,53.712492601743016,70.59451810693162
Afforestation,China,Verified,Wind,2548.669126608925,692.319244690708,54.66653807995171
Afforestation,Brazil,Rejected,Hydro,6442.090317133985,458.4710654395939,53.79516224006587
Reforestation,India,Rejected,Solar,6699.34474256153,227.2951044100696,55.769674756908344
Afforestation,USA,Rejected,Biomass,1710.7274637048024,614.3563360189074,34.69720067871309
Energy Efficiency,China,Rejected,Solar,5694.344593282287,253.60526013186106,57.00777556773004
Reforestation,USA,Pending,Biomass,7739.106418688216,578.0541225900781,76.47607331934186
Energy Efficiency,USA,Rejected,Wind,5039.067078905825,359.84953823570766,55.793830776886196
Afforestation,China,Pending,Solar,219.82085608346353,823.7286743852072,40.33639102426939
Renewable Energy,USA,Rejected,Wind,189.48084388499257,820.8754646060125,41.15615886548509
Afforestation,China,Pending,Wind,3634.5905053031206,477.87304772427893,52.95168300375839
Energy Efficiency,USA,Verified,Biomass,9269.32127747464,351.46829022568056,89.86128928963001
Energy Efficiency,China,Pending,Biomass,2363.900118075727,363.19723676253545,48.45147295800399
Reforestation,India,Pending,Biomass,6380.200519829703,805.9088111425497,66.96009071057401
Renewable Energy,Brazil,Rejected,Solar,2298.5511198638737,328.8513033148144,43.781268632467516
Reforestation,China,Pending,Hydro,3284.5328976295314,209.85031433313918,49.521167631479045
Energy Efficiency,China,Verified,Biomass,8495.616687054691,85.60365353343153,81.33411997060777
Afforestation,Brazil,Verified,Biomass,7315.728278472474,467.226427763524,72.25090566999762
Renewable Energy,China,Rejected,Solar,1044.4528454007852,482.64996682092203,41.04876389521314
Afforestation,China,Verified,Biomass,4344.150007765693,841.0678016925043,63.13142805575351
Afforestation,USA,Pending,Solar,388.7806600881182,222.0174577496179,37.16407787793677
Renewable Energy,Brazil,Verified,Wind,4860.812451369789,381.6102823947315,71.12016508079626
Reforestation,India,Rejected,Biomass,6658.096715840574,808.5973331547973,58.376456910750846
Afforestation,China,Pending,Biomass,1273.1759736217005,823.7999871382245,42.60387973949075
Energy Efficiency,Brazil,Rejected,Wind,2959.96089520074,385.2264649027894,41.652069125031595
Afforestation,USA,Pending,Wind,4038.5825924713536,459.6648992633942,56.78956195499071
Renewable Energy,India,Verified,Wind,9203.357144094893,303.9826049584336,91.0566117700588
Renewable Energy,Brazil,Rejected,Biomass,9933.224652687344,932.6223235408927,84.99234649884565
Renewable Energy,India,Rejected,Hydro,544.6218600565969,119.52512197583873,29.91836052004137
Reforestation,India,Pending,Hydro,7633.978442604382,933.8156735784686,75.50804894880659
Afforestation,India,Rejected,Hydro,3780.068257383198,684.1825853835079,41.74216714075107
Reforestation,China,Pending,Biomass,3985.336043671852,532.0405805340445,55.24708602369971
Reforestation,China,Pending,Wind,7567.2232361355245,33.62640172371138,70.17238019791473
Renewable Energy,USA,Pending,Biomass,9192.421678239545,476.1205956301863,90.72331434749958
Renewable Energy,USA,Pending,Wind,9514.193085575229,408.3403568977296,93.65436899685344
Reforestation,Brazil,Verified,Biomass,5813.513601779376,162.05759316314743,63.68814394052835
Afforestation,USA,Pending,Biomass,3635.4994770749777,656.7531938971563,54.74502932434645
Energy Efficiency,India,Rejected,Wind,7896.735950001915,971.1797564609175,71.19547731461874
Reforestation,India,Verified,Hydro,2584.9136942967725,562.6266222534606,51.55083469401847
Afforestation,China,Rejected,Wind,5684.332885451826,715.0385231675019,55.57204965893415
Renewable Energy,India,Verified,Solar,3649.9267690962442,69.38200211345077,61.94345386661573
Renewable Energy,Brazil,Pending,Solar,6600.6476297079735,418.24932882117776,76.18573143675164
Afforestation,India,Verified,Wind,2479.9492376457183,117.24212667933138,45.572167455021905
Energy Efficiency,India,Verified,Biomass,1996.7701627747751,613.1830397009738,51.115681210883615
Renewable Energy,Brazil,Rejected,Solar,9190.566958086827,938.5436760559404,84.33827155099354
Renewable Energy,USA,Rejected,Solar,1107.8564612004152,662.1159547391669,45.16044185339375
Renewable Energy,USA,Pending,Biomass,5108.9832865758235,77.72624526610711,66.32217888554018
Afforestation,Brazil,Verified,Biomass,2286.4425513337883,355.31153878009775,45.98532814446992
Reforestation,China,Verified,Hydro,485.4066369241078,551.1127160614107,43.93816034523465
Renewable Energy,India,Verified,Biomass,456.58630108512125,403.804548377119,46.320976989196794
Reforestation,Brazil,Pending,Wind,1834.6955438476907,833.8103664646972,47.51158138388543
Energy Efficiency,India,Pending,Wind,8681.026509609403,814.8563337052792,83.55369588509981
Renewable Energy,China,Pending,Hydro,2896.539565372564,612.2191890831182,59.604889717694
Renewable Energy,India,Pending,Solar,9509.545788695428,374.08448718757256,89.28857381535286
Energy Efficiency,Brazil,Pending,Solar,5858.060700593016,256.0810373894809,65.8511138768599
Renewable Energy,India,Rejected,Biomass,4422.480478710784,106.76844389491619,48.18008683250308
Reforestation,USA,Verified,Wind,5842.8794632276,355.5427858030675,71.76982517416867
Afforestation,China,Verified,Solar,5215.3140137400505,413.7593446905118,66.21416351560538
Reforestation,China,Verified,Hydro,7611.884912197519,676.1471021789695,80.8208955827773
Afforestation,China,Verified,Hydro,2896.7110531312373,658.5016644732759,55.06857191038895
Afforestation,Brazil,Verified,Wind,3595.1988768429937,71.03803150161569,51.68637469923112
Reforestation,China,Verified,Hydro,8951.533595079181,395.8640561157266,84.71630853655319
Reforestation,USA,Verified,Hydro,9469.919480189013,182.59708835014456,87.17556828444651
Reforestation,Brazil,Verified,Wind,8936.326452116098,157.6558926114889,81.25819118669538
Reforestation,USA,Rejected,Biomass,4252.535140177404,827.4748475875086,51.53742417676211
Energy Efficiency,India,Verified,Biomass,7825.618479768129,42.87330149954127,74.55682541383607
Renewable Energy,India,Rejected,Hydro,4815.723759680878,419.7636930262192,54.276255728666584
Afforestation,India,Pending,Biomass,5025.644536246412,169.03545211075166,51.818577202339576
Reforestation,India,Verified,Biomass,2126.333079667111,879.4508854627956,51.42617425296351
Reforestation,USA,Pending,Hydro,5952.190002259313,557.4834727617601,68.33578473891416
Reforestation,Brazil,Pending,Biomass,1942.7453877581445,232.14925574047118,40.03521949619544
Energy Efficiency,Brazil,Pending,Hydro,3382.490520765218,502.92485987921003,53.94170120261819
Reforestation,China,Rejected,Solar,8564.798996037358,731.7548733434127,73.14154371362092
Reforestation,USA,Pending,Wind,2150.050511187467,958.1598909105144,54.331851465042476
Reforestation,India,Pending,Wind,804.4670232169848,221.22555824117353,35.23459069849666
Renewable Energy,USA,Pending,Biomass,783.1751668668815,886.2955903572158,52.778831737906565
Energy Efficiency,China,Verified,Biomass,9413.766752980768,934.3698100533228,94.41253186543706
Reforestation,China,Verified,Biomass,5118.512335822163,916.5041239875342,69.75760291898615
Afforestation,USA,Rejected,Wind,4153.1795109884815,635.7789425050479,49.12368697999289
Afforestation,USA,Rejected,Solar,8127.697951978393,630.190833780273,69.9403980976947
Afforestation,USA,Verified,Solar,8374.67668631411,403.80742255063893,83.91145765707694
Energy Efficiency,Brazil,Rejected,Wind,3388.6912278444856,752.6454844214841,47.469910983437266
Energy Efficiency,India,Verified,Solar,6966.818768990573,531.762724332581,78.15172108827866
Afforestation,USA,Pending,Wind,7734.115876933677,677.7606331570662,77.44818571623904
Reforestation,USA,Pending,Solar,6581.04179997295,429.02944594494664,72.19550345931421
Energy Efficiency,USA,Rejected,Hydro,1600.7912405209838,731.7649675790959,41.32160587839588
Afforestation,China,Verified,Hydro,8771.242526818864,824.6470460869446,86.10268309496377
Afforestation,China,Verified,Wind,5437.0360720864865,147.2898203462133,63.65807856389456
Reforestation,Brazil,Rejected,Solar,2896.477021063037,833.0967858586538,43.81335296390172
Renewable Energy,India,Verified,Biomass,4309.75903583317,540.7562352585169,66.95635753175102
Energy Efficiency,Brazil,Pending,Solar,471.9537949491831,844.8212431811342,44.80798140655726
Reforestation,India,Rejected,Hydro,1365.8813321019338,431.8704046346736,29.148110706856407
Afforestation,China,Rejected,Hydro,7678.912830107022,379.661444897652,61.19117859951163
Afforestation,China,Verified,Solar,100.1151840781248,915.1456717847052,45.65203263823768
Reforestation,China,Rejected,Solar,4224.001701974693,251.9180982808529,46.63918949268199
Energy Efficiency,Brazil,Verified,Biomass,5272.850792747326,844.3681129608569,70.80793509334521
Renewable Energy,USA,Verified,Biomass,640.8807580096258,484.5365519368947,53.04976930941707
Renewable Energy,USA,Verified,Solar,9733.473813426095,514.5813471087084,101.81318253821756
Afforestation,China,Verified,Solar,2338.640779371752,309.15981320799455,50.78480202893871
Energy Efficiency,USA,Verified,Solar,3111.5673243991805,573.4691584183967,64.29252820617987
Renewable Energy,USA,Rejected,Solar,3109.0308713247705,325.8859850799351,51.80401420742321
Energy Efficiency,Brazil,Pending,Wind,2381.124954961764,40.23014482741066,45.30792622308293
Energy Efficiency,India,Pending,Solar,114.59083865448302,272.7266067390117,36.30022026066253
Afforestation,China,Rejected,Biomass,7320.513461471164,7.372664363184088,54.67629395098766
Renewable Energy,China,Rejected,Hydro,9671.770448012925,978.3764322697998,87.14261656276263
Reforestation,Brazil,Pending,Wind,2320.505484521946,965.7814626099278,51.260342048709006
Afforestation,Brazil,Pending,Solar,6664.167198853882,395.76014217483277,66.27843741601774
Renewable Energy,USA,Pending,Hydro,7444.773636891279,728.6424834853063,85.51029301930947
Renewable Energy,China,Pending,Wind,8499.411252996195,346.46029231201453,85.96165918810112
Renewable Energy,India,Pending,Hydro,4284.02905043473,671.4220639288901,64.13436589146255
Renewable Energy,Brazil,Verified,Solar,3099.0159658402495,805.6246130029331,67.55132595923058
Renewable Energy,India,Rejected,Solar,3320.421826828008,946.8094884475485,54.07020401861553
Energy Efficiency,India,Verified,Biomass,7154.951197675277,400.81206357382234,74.7828766241146
Afforestation,China,Pending,Solar,8186.116718405797,783.5146849730917,79.7657304417599
Energy Efficiency,China,Pending,Solar,1897.9782807903664,266.6625221814867,48.1565166257667
Reforestation,Brazil,Pending,Wind,3772.3159807618754,990.3419714898547,58.764999618707925
Renewable Energy,China,Verified,Biomass,9029.207947816585,26.743829165586792,88.4134780307388
Afforestation,China,Verified,Wind,8086.265844977918,603.9252776946198,81.4705820018358
Renewable Energy,China,Pending,Hydro,9850.09818734851,659.8464756696758,94.84895569343931
Afforestation,India,Verified,Solar,7567.0577708526,688.3575115170547,77.71886396943354
Energy Efficiency,Brazil,Verified,Hydro,3992.6324901764306,121.26719121029993,58.17583436298515
Afforestation,USA,Pending,Wind,5947.314556546914,938.5912536896573,71.12248531963114
Reforestation,India,Verified,Solar,6644.041117048471,182.0020957710327,70.04022654295268
Reforestation,China,Rejected,Solar,876.7125815395272,623.1306498366013,33.61486940606365
Afforestation,India,Rejected,Wind,5490.519895128265,223.45340304396188,46.68713350608094
Afforestation,China,Rejected,Wind,7122.276201878834,307.90920060424963,58.690473015436666
Afforestation,China,Rejected,Wind,1756.4809096104977,546.9120831863962,34.25152537991645
Afforestation,India,Pending,Wind,7828.254002513016,417.7762251460119,70.3190322640252
Reforestation,Brazil,Pending,Wind,5879.350527089705,161.06537537552978,61.00740638920382
Renewable Energy,China,Pending,Solar,9526.995678406187,171.76546601842745,90.35263305221521
Afforestation,Brazil,Rejected,Wind,519.9807522482278,418.72664337463686,24.787170194987507
Afforestation,USA,Rejected,Solar,2726.728761799123,757.5256952972252,44.20890076196787
Reforestation,China,Verified,Solar,6055.383405068258,898.0666822009407,77.2575838473507
Reforestation,Brazil,Verified,Wind,3035.943130838714,85.04353459712345,51.03015100016481
Energy Efficiency,Brazil,Rejected,Wind,7172.799224305298,393.7108036518417,62.80110415804491
Afforestation,USA,Rejected,Biomass,7614.152296967117,101.14531815915375,59.08221466642712
Energy Efficiency,Brazil,Rejected,Solar,1114.908044258097,17.575888151965287,29.75029910281014
Reforestation,Brazil,Rejected,Wind,5187.159195647,662.0569639613127,52.55636561784813
Reforestation,USA,Verified,Wind,5138.016500351453,602.8469925246212,70.71855242700349
Renewable Energy,China,Rejected,Wind,3755.8796251338567,163.85609470107133,50.41795907268
Afforestation,Brazil,Verified,Biomass,9335.956139439753,234.57902025997106,80.02557089979848
Energy Efficiency,Brazil,Rejected,Biomass,8292.31256674489,24.68404589087386,62.708403292633186
Reforestation,Brazil,Rejected,Hydro,7002.372880905404,835.1122584887094,62.36298698941411
Reforestation,India,Rejected,Solar,7171.833693776476,974.715905452503,65.6063275234074
Energy Efficiency,USA,Verified,Hydro,4670.989823749879,136.3240772578961,65.71818989132836
Renewable Energy,India,Verified,Wind,9217.845758856101,232.24373855153283,90.41166617979584
Reforestation,USA,Pending,Biomass,6976.494729807525,868.5411144229871,75.5678847932675
Afforestation,China,Rejected,Biomass,7316.912510392583,926.5373341582286,63.849935893545194
Reforestation,China,Pending,Hydro,8630.739947494718,420.20775542400355,78.35577729171362
Afforestation,Brazil,Pending,Biomass,2813.308734487691,51.571849796805054,40.58226217040651
Energy Efficiency,USA,Verified,Wind,8090.00194828036,40.35244185912658,82.85353415999307
Afforestation,China,Verified,Biomass,2032.8819692692712,574.3759162029414,48.90816900837577
Energy Efficiency,USA,Pending,Hydro,3518.8853272243896,393.50221378428586,57.5294487739648
Afforestation,China,Rejected,Wind,3422.543497271443,29.62377515007686,37.40895523785798
Energy Efficiency,India,Verified,Hydro,9787.402137052492,583.6691399202442,90.7737020844649
Afforestation,China,Rejected,Biomass,8579.718515104476,12.291234052433449,61.021504916046716
Renewable Energy,India,Rejected,Hydro,7041.581629743571,787.5845861911237,69.0837540106291
Afforestation,China,Pending,Hydro,7297.861939992362,307.1263898806682,68.56057359876849
Afforestation,Brazil,Pending,Solar,5664.520664585453,41.21774500622287,57.734780772989495
Renewable Energy,India,Pending,Biomass,9476.19760437434,588.7638687621702,88.2686267094934
Reforestation,China,Pending,Biomass,5012.961653535379,398.28673001862165,59.04767556786311
Reforestation,Brazil,Verified,Hydro,3867.125327711956,973.8266129437924,63.073892767997705
Afforestation,India,Verified,Solar,1714.0498356227508,544.6544638411984,47.016793816525734
Renewable Energy,Brazil,Pending,Biomass,7883.435957384474,275.96394185597126,78.17681920548208
Afforestation,USA,Verified,Wind,7370.994927548355,709.7294257693408,80.95226889543518
Energy Efficiency,USA,Pending,Hydro,3905.1148813889354,272.2205105401686,58.24777951234636
Energy Efficiency,India,Rejected,Biomass,349.41479819637067,904.3390481161575,30.790464472143427
Afforestation,China,Rejected,Wind,8406.073544408306,375.3472485368691,65.78384020741022
Reforestation,India,Rejected,Biomass,213.03803619532897,550.318694213429,23.568377123110935
Reforestation,Brazil,Pending,Wind,7066.6278183276045,51.52253072040463,65.84836439884208
Afforestation,China,Rejected,Hydro,9705.545386287964,426.6951167142785,71.79467809858261
Afforestation,USA,Verified,Biomass,4432.847148667214,832.5311761213339,65.4895475045494
Energy Efficiency,China,Rejected,Biomass,2426.236709459932,805.8431565579785,43.18961511287945
Reforestation,USA,Rejected,Solar,7078.2229994294785,225.09424029467272,62.64205740009412
Afforestation,China,Rejected,Hydro,8189.568605954293,226.8529919395521,62.21637294916699
Energy Efficiency,China,Verified,Wind,5509.660129170688,817.4880069010235,75.72318071486367
Reforestation,China,Pending,Biomass,9673.649225035848,930.4680217491562,87.6729263426708
Renewable Energy,Brazil,Verified,Biomass,611.5203444138149,96.26556035173054,45.02025732558638
Energy Efficiency,Brazil,Pending,Wind,5097.476423214828,450.60858078679905,62.993467923942134
Reforestation,India,Pending,Hydro,7212.694078493246,338.11682468526476,67.44463863931887
Reforestation,India,Rejected,Solar,8640.140664376871,870.8177670019819,71.90888099190417
Energy Efficiency,USA,Pending,Solar,1874.6305578871215,84.44138976533876,48.217566687089
Renewable Energy,Brazil,Verified,Biomass,8020.034469460446,211.91481661547937,83.21932051345703
Energy Efficiency,USA,Verified,Wind,5571.800049613598,752.7158692489079,77.38615894055707
Reforestation,India,Pending,Biomass,4025.881451700636,52.242555132234365,47.65183280982552
Afforestation,USA,Rejected,Wind,1403.9787829330262,493.042845333575,33.95032236800088
Afforestation,India,Rejected,Solar,8666.428013198232,442.6649276450403,65.75878934244156
Energy Efficiency,Brazil,Verified,Hydro,1657.004760979182,335.0667778097599,48.63569158299351
Reforestation,China,Rejected,Wind,3166.8998061700822,395.17774300360486,41.786276460886455
Afforestation,Brazil,Pending,Solar,2971.450766428125,530.4106463433027,49.16136029557365
Reforestation,USA,Pending,Biomass,8726.998938489458,162.20599102999475,77.25705460274725
Energy Efficiency,USA,Verified,Wind,6759.75964266809,572.4238824053092,81.52303703739355
Afforestation,Brazil,Pending,Hydro,7987.145832194586,805.6268969706863,74.99199813067979
Reforestation,Brazil,Verified,Biomass,2579.63219804574,760.4007688603689,53.50216867883239
Afforestation,India,Pending,Biomass,6286.253586109289,154.7460047890799,57.97872797843725
Energy Efficiency,USA,Verified,Solar,5760.285233123112,150.10022027173244,73.30242836833288
Reforestation,USA,Rejected,Wind,8345.020730203883,268.9061933771684,68.4141655847911
Afforestation,Brazil,Pending,Biomass,9070.26189876448,361.7136516146962,74.96844600996937
Energy Efficiency,China,Pending,Hydro,220.3520376261294,409.0471258270741,39.19223144640139
Afforestation,USA,Verified,Wind,6772.797198682048,680.0175196165119,77.66416118957537
Afforestation,China,Verified,Hydro,613.1744112853173,57.62375173366957,37.64210957376328
Renewable Energy,Brazil,Pending,Biomass,5533.700784265824,35.63803152184032,64.02488423654752
Renewable Energy,Brazil,Verified,Hydro,2947.5640175324143,392.51865238096514,60.66300661147172
Energy Efficiency,India,Pending,Solar,3137.088335269198,697.4665284458425,55.66010696080441
Renewable Energy,USA,Rejected,Hydro,3594.2891841783303,194.24190761352608,50.91386499702691
Energy Efficiency,China,Verified,Wind,6250.79524559114,641.8629767749954,77.67260599570565
Renewable Energy,India,Pending,Hydro,3407.094660120815,260.5683098023592,55.641156398627665
Afforestation,USA,Rejected,Hydro,7353.720600843776,886.2000227047029,66.63060323126591
Energy Efficiency,India,Rejected,Solar,4104.82111718131,895.79425432235,52.48204812913005
Energy Efficiency,Brazil,Pending,Hydro,776.6966830685903,297.98991707704516,38.8633825861134
Afforestation,USA,Verified,Hydro,7859.222440592662,230.76376020927728,77.60374980505608
Energy Efficiency,India,Pending,Biomass,2929.0074134677893,411.892668094165,48.763963748280595
Energy Efficiency,India,Rejected,Biomass,4384.3921080327,241.29105359496856,44.33487107611319
Renewable Energy,China,Pending,Wind,6885.894443896826,672.7114594484119,81.15658681396825
Energy Efficiency,India,Verified,Biomass,3391.315955772249,826.2386198637372,60.21896597749861
Reforestation,USA,Rejected,Biomass,660.1979958524847,673.4190387803058,32.03518036706548
Afforestation,USA,Pending,Biomass,3801.8183654268546,824.5260968021001,57.25435279515528
Renewable Energy,China,Verified,Biomass,9450.040968673604,397.5951700452667,94.22615654382068
Renewable Energy,USA,Rejected,Solar,6453.170533255726,157.160653738152,66.83745920366016
Reforestation,Brazil,Verified,Biomass,6747.643571805349,738.2129964501945,74.12034782352869
Afforestation,USA,Rejected,Solar,6359.593321012634,361.11403063641234,58.409106911427294
Afforestation,USA,Pending,Solar,2070.0221756984242,671.5995544039034,50.066106422531156
Renewable Energy,India,Verified,Biomass,4241.5052546125735,271.3732980397839,63.921259253460704
Energy Efficiency,India,Rejected,Hydro,7534.30400379685,82.14840517186599,59.493004070702916
Renewable Energy,USA,Verified,Solar,1103.5916857762754,992.5892136922756,63.443850565804134
Afforestation,China,Verified,Hydro,2850.7424832881516,157.0453064226687,49.824165480667446
Reforestation,India,Pending,Hydro,2835.5591738119506,988.4325729695175,52.06212159875493
Renewable Energy,China,Verified,Biomass,4376.987383185609,977.3026526338808,74.65796344226686
Afforestation,USA,Rejected,Wind,9805.650535327632,794.0242858041316,78.96849553467948
Renewable Energy,USA,Rejected,Biomass,768.2752121698372,659.7635391199155,40.43901145204834
Energy Efficiency,Brazil,Rejected,Wind,5235.139844367891,578.2292432008336,54.95799165384779
Renewable Energy,India,Rejected,Wind,1875.7103519208836,866.2354438324569,45.04090619792899
Renewable Energy,USA,Pending,Biomass,9709.697799556467,290.15008209786845,91.44998981876103
Afforestation,Brazil,Verified,Biomass,1221.7046968018956,468.2135312723922,41.790658796733396
Afforestation,India,Pending,Wind,4095.649923379753,619.7705793971354,53.67595541087012
Afforestation,USA,Verified,Biomass,7405.061349862601,411.7792853936216,76.14309960324923
Renewable Energy,USA,Verified,Wind,7075.088837471708,428.0589676361777,86.65603386372032
Energy Efficiency,India,Verified,Hydro,4285.013505249929,330.9543828345823,60.73461135459547
Reforestation,India,Pending,Biomass,3530.5892627319104,564.6675848678515,50.29962216233807
Reforestation,India,Verified,Hydro,4036.3625476734187,850.7239534871009,61.689052273238104
Afforestation,USA,Pending,Solar,2716.3350052705287,202.32684962830655,48.60494352263571
Afforestation,USA,Rejected,Hydro,2132.796093197318,934.498605714688,41.008966523133466
Renewable Energy,Brazil,Rejected,Hydro,4882.0930058330105,689.3985660944815,58.30445069010987
Reforestation,China,Verified,Wind,2758.4841850693124,823.4499394673502,59.02692032002007
Afforestation,India,Pending,Hydro,2945.870482482776,556.6345019373816,46.295697431787694
Energy Efficiency,USA,Rejected,Biomass,6601.885028398115,779.7371847226394,65.80679698921696
Energy Efficiency,USA,Pending,Wind,9688.519583828933,17.18419694212774,85.61443988856595
Afforestation,India,Pending,Solar,6076.008285537813,818.5620443547557,66.56566187123661
Afforestation,China,Verified,Biomass,862.0967239431661,41.09872022628115,37.72147082197864
Reforestation,India,Rejected,Solar,848.277777155263,890.0234629864997,33.141623515641314
Reforestation,China,Verified,Hydro,9519.089886371103,991.9707844914046,93.51515727676956
Renewable Energy,USA,Verified,Biomass,3043.178824042603,294.773394714601,63.16362806735903
Reforestation,China,Rejected,Biomass,1011.4631622165068,211.10823772950786,27.168398188377616
Energy Efficiency,Brazil,Rejected,Solar,6030.541412788777,765.5980004941827,61.80868706888571
Energy Efficiency,USA,Pending,Biomass,6274.122905073635,253.77331457933298,68.90834767116151
Afforestation,Brazil,Rejected,Biomass,6520.197719175013,865.6968207890312,57.25795680376538
Reforestation,India,Pending,Biomass,2747.280075789659,103.73974956531923,41.773797874601485
Renewable Energy,India,Pending,Hydro,249.59577372330284,126.8292411829789,38.516271280446304
Energy Efficiency,India,Pending,Solar,9653.652157599272,979.172403545515,91.05998482345152
Energy Efficiency,China,Rejected,Biomass,2583.8411523419145,674.1650593717346,42.660856355426915
Renewable Energy,USA,Verified,Wind,6792.66025172022,847.0403372045239,89.43370463064633
Renewable Energy,India,Pending,Wind,7095.635711799225,325.0050479741665,75.7282290387378
Energy Efficiency,India,Verified,Wind,6139.073429086909,676.8072657710838,74.46343980314538
Energy Efficiency,USA,Verified,Wind,3197.783202715117,594.6475854812886,63.93539186838847
Renewable Energy,India,Rejected,Hydro,2783.8529122642512,603.5469700028241,45.9547342613495
Energy Efficiency,Brazil,Verified,Biomass,6016.915998756761,682.8499270781839,72.91307926456565
Afforestation,USA,Verified,Solar,8674.346772755745,575.7838139559694,87.12957200333842
Afforestation,USA,Rejected,Biomass,9472.663916341617,429.63330693336326,71.65965265104171
Renewable Energy,USA,Pending,Hydro,1148.4674635972005,276.6467716861663,49.50880503484767
Reforestation,Brazil,Verified,Wind,1632.8032647174266,768.8127495822888,50.85214381941002
Renewable Energy,USA,Rejected,Hydro,9452.888961952489,227.04615757318302,80.53490638549428
Renewable Energy,Brazil,Verified,Biomass,7391.698760514447,692.6619518482597,84.88511332105483
Reforestation,USA,Verified,Solar,8841.638865814753,234.0994898266773,86.54918922734055
Reforestation,China,Pending,Hydro,2106.063077939897,625.7048397844994,47.78736378754448
Reforestation,India,Verified,Solar,5917.100123983078,747.3311888618999,72.0588125085344
Afforestation,China,Rejected,Hydro,7041.281984732989,219.49517501763265,56.40136167384128
Energy Efficiency,India,Verified,Solar,6833.107665925029,60.883357560446974,72.77437190522963
Afforestation,Brazil,Pending,Solar,4140.701739580311,131.8427692511799,51.02193639041336
Energy Efficiency,China,Pending,Wind,252.40942774395393,606.3909703037544,42.32595684175732
Afforestation,USA,Rejected,Solar,5870.967962362205,849.5969598195098,60.85080941000612
Energy Efficiency,India,Pending,Wind,2605.705237878127,45.95182441418894,45.48804443353252
Afforestation,India,Verified,Biomass,4557.517036814615,734.4171077826046,60.13175626189912
Reforestation,China,Pending,Biomass,9580.052049329792,341.97732730410206,81.32003351968999
Renewable Energy,Brazil,Rejected,Wind,4050.449644660104,479.049841549603,53.04274663879655
Afforestation,China,Pending,Wind,8414.035905977824,928.9306902957201,81.35948643284632
Energy Efficiency,Brazil,Pending,Hydro,1966.5519969175862,332.6395332311096,45.159155316899025
Reforestation,Brazil,Pending,Hydro,6757.3589304477855,465.87159700554656,67.44551062229439
Afforestation,India,Rejected,Hydro,9772.36884894554,14.668732345920425,65.0085315681869
Afforestation,China,Pending,Biomass,1108.7416986420742,82.51712128483352,34.368879706058706
Reforestation,China,Pending,Hydro,182.36742804920092,259.33299954364924,34.5051671356825
Afforestation,Brazil,Verified,Solar,4392.469647062882,28.824388580253327,56.250592121116945
Renewable Energy,China,Rejected,Solar,1016.9922822085352,631.7439507222027,42.4024009182647
Afforestation,USA,Pending,Hydro,7509.005061794691,426.9719584448209,72.81474489342168
Renewable Energy,USA,Rejected,Solar,9154.031772100734,548.597057525294,84.2561294357566
Renewable Energy,China,Pending,Biomass,4396.8076298167125,175.4725387104332,61.738763536187896
Reforestation,China,Pending,Solar,2661.2452573388655,296.6360974071795,49.27258726076612
Afforestation,Brazil,Pending,Biomass,4400.592858165437,664.1606503778723,54.64457079460591
Reforestation,USA,Verified,Wind,7262.13339671501,965.3374209067695,84.96404119264275
Afforestation,USA,Verified,Wind,189.6361996456727,51.36635682860699,38.46184456651443
Afforestation,India,Verified,Wind,5935.594495898502,890.4939365344109,70.58291184483662
Energy Efficiency,Brazil,Rejected,Wind,6171.587680385052,577.3043201098973,59.63098160302424
Afforestation,India,Rejected,Solar,6413.113644269762,564.355647188868,55.70912469323749
Reforestation,USA,Verified,Hydro,2496.0185918106845,500.7782566725526,55.487875525778946
Renewable Energy,Brazil,Rejected,Solar,7169.121961443455,70.3246918182792,65.54885672540007
Afforestation,China,Pending,Biomass,1004.7757146845864,90.78697488442451,33.931748322267175
Energy Efficiency,Brazil,Pending,Solar,2072.776331021328,601.311093653427,50.376992591640914
Reforestation,China,Pending,Solar,8786.953461879371,341.61761286412275,80.35094343803809
Afforestation,China,Verified,Biomass,7413.3591921930065,917.350798511103,79.24030394607607
Reforestation,Brazil,Rejected,Wind,236.08098471231798,407.1839468221128,25.252244391782718
Energy Efficiency,China,Verified,Wind,2558.9249776610222,144.13817724393846,54.23600666074449
Energy Efficiency,India,Rejected,Wind,2222.624181632329,715.0041146685339,40.26316205484699
Reforestation,USA,Pending,Hydro,2780.9826475660284,294.06006801956886,49.84551391802583
Afforestation,China,Verified,Biomass,2550.841725770875,525.9448370485372,51.013656999339744
Renewable Energy,India,Rejected,Biomass,719.0103278541728,698.1349527196649,35.57640116646751
Energy Efficiency,China,Rejected,Solar,4643.511114308521,900.3638470908684,58.22119404245129
Afforestation,USA,Pending,Hydro,7354.061400383035,792.3990036068744,75.69429703798392
Afforestation,India,Verified,Wind,6106.644074702621,676.6847068048514,69.30006744156162
Renewable Energy,USA,Verified,Hydro,6761.42951912099,679.9535492127485,86.60668308773243
Energy Efficiency,USA,Verified,Biomass,903.3768675087676,945.9787193880544,53.97667153142439
Energy Efficiency,India,Pending,Biomass,9519.758030750194,296.5282733990395,80.56407288774136
Afforestation,India,Verified,Solar,8401.069155045945,2.1109821019912203,75.02645559624963
Afforestation,India,Pending,Solar,8070.39415310706,272.6826048388005,71.0787968139233
Renewable Energy,Brazil,Pending,Biomass,8247.539669913498,218.67348824711723,79.42443323203867
Renewable Energy,India,Pending,Wind,9333.834030514337,662.1727505288842,90.29089765786053
Energy Efficiency,India,Rejected,Wind,5488.114264525607,634.0778881657635,55.78135020428567
Reforestation,India,Verified,Hydro,2082.7919768894963,593.8679213220191,49.35263909766768
Energy Efficiency,India,Verified,Biomass,6206.157717740158,17.227199766244247,66.20306058636324
Afforestation,China,Pending,Biomass,7454.526787312596,729.0492763961968,72.56312670052495
Energy Efficiency,Brazil,Pending,Wind,7405.382194204852,324.20688207300606,73.26897979175432
Reforestation,USA,Verified,Wind,5262.345339252113,665.3909330176244,71.96563602643681
Renewable Energy,India,Pending,Biomass,777.7413214024227,557.0218500736512,44.45892510774863
Reforestation,China,Verified,Solar,3774.0180904582653,343.3881945024793,60.303972397316116
Reforestation,China,Rejected,Biomass,9215.589423787238,135.44169083700365,67.43236402730622
Reforestation,China,Pending,Biomass,5886.044206598518,95.32447876282046,60.3834658206208
Renewable Energy,USA,Verified,Wind,5429.486238231563,831.6868147791114,82.46429933894893
Reforestation,India,Pending,Wind,2761.649792383716,918.4791445394765,51.993040407313345
Reforestation,Brazil,Verified,Solar,3747.6443071741314,650.1382587175352,61.23960412304601
Reforestation,Brazil,Verified,Solar,8963.926282616376,104.33068074562289,81.8629382205381
Afforestation,China,Pending,Hydro,6697.984170515673,402.6251896713525,66.51617274929188
Reforestation,USA,Rejected,Biomass,7895.131564848095,729.2102609050521,68.767760433291
Renewable Energy,USA,Verified,Wind,4598.019688369785,780.041063126058,77.7905090731095
Reforestation,USA,Verified,Solar,6339.447472615963,119.1004036687975,72.8882413997678
Reforestation,Brazil,Verified,Hydro,2558.9977265577545,1.0306881265370333,46.805295514054144
Renewable Energy,China,Rejected,Hydro,7084.062219806514,712.4249088347244,71.5445601873798
Reforestation,India,Rejected,Wind,4333.253203663039,357.2395798102194,44.23866181641739
Renewable Energy,Brazil,Pending,Wind,4481.200596665981,255.226850286642,62.958271486196324
Reforestation,China,Rejected,Hydro,6528.291013311128,13.884572319735915,53.780300789753
Renewable Energy,China,Pending,Solar,9369.178152542374,540.7591073547381,93.25348183625925
Reforestation,India,Pending,Hydro,733.6628314253471,851.2995846905558,40.18131000403229
Reforestation,India,Rejected,Biomass,8264.958049735375,957.6740146263153,67.90153039494004
Afforestation,India,Pending,Biomass,2994.592793080712,566.1792056626759,45.63475602203032
Afforestation,USA,Rejected,Wind,4494.80259961314,514.9468664121542,49.623481662187245
Reforestation,India,Pending,Solar,316.94195487258867,85.97132910375187,32.444423065400464
Reforestation,China,Rejected,Solar,3080.356170559699,549.3239287410572,43.89502014020907
Energy Efficiency,India,Rejected,Biomass,5076.049302038292,380.5990998864292,49.18623750905575
