Activity,Emission_Factor_CO2,Emission_Factor_CH4,Emission_Factor_N2O,Emission_Factor_HFCs,Emission_Factor_PFCs,Emission_Factor_SF6,GWP_CO2,GWP_CH4,GWP_N2O,GWP_HFCs,GWP_PFCs,GWP_SF6
1230,2.5,0.1,0.05,0.02,0.01,0.005,1,25,298,12,7,22
2148,2.5,0.1,0.05,0.02,0.01,0.005,1,25,298,12,7,22
4728,2.5,0.1,0.05,0.02,0.01,0.005,1,25,298,12,7,22
4154,2.5,0.1,0.05,0.02,0.01,0.005,1,25,298,12,7,22
2630,2.5,0.1,0.05,0.02,0.01,0.005,1,25,298,12,7,22
4971,2.5,0.1,0.05,0.02,0.01,0.005,1,25,298,12,7,22
2896,2.5,0.1,0.05,0.02,0.01,0.005,1,25,298,12,7,22
4866,2.5,0.1,0.05,0.02,0.01,0.005,1,25,298,12,7,22
2006,2.5,0.1,0.05,0.02,0.01,0.005,1,25,298,12,7,22
2658,2.5,0.1,0.05,0.02,0.01,0.005,1,25,298,12,7,22
3416,2.5,0.1,0.05,0.02,0.01,0.005,1,25,298,12,7,22
4671,2.5,0.1,0.05,0.02,0.01,0.005,1,25,298,12,7,22
3729,2.5,0.1,0.05,0.02,0.01,0.005,1,25,298,12,7,22
4103,2.5,0.1,0.05,0.02,0.01,0.005,1,25,298,12,7,22
2166,2.5,0.1,0.05,0.02,0.01,0.005,1,25,298,12,7,22
4924,2.5,0.1,0.05,0.02,0.01,0.005,1,25,298,12,7,22
4636,2.5,0.1,0.05,0.02,0.01,0.005,1,25,298,12,7,22
3469,2.5,0.1,0.05,0.02,0.01,0.005,1,25,298,12,7,22
3189,2.5,0.1,0.05,0.02,0.01,0.005,1,25,298,12,7,22
2826,2.5,0.1,0.05,0.02,0.01,0.005,1,25,298,12,7,22
3310,2.5,0.1,0.05,0.02,0.01,0.005,1,25,298,12,7,22
3016,2.5,0.1,0.05,0.02,0.01,0.005,1,25,298,12,7,22
3971,2.5,0.1,0.05,0.02,0.01,0.005,1,25,298,12,7,22
512,2.5,0.1,0.05,0.02,0.01,0.005,1,25,298,12,7,22
3470,2.5,0.1,0.05,0.02,0.01,0.005,1,25,298,12,7,22
4121,2.5,0.1,0.05,0.02,0.01,0.005,1,25,298,12,7,22
4183,2.5,0.1,0.05,0.02,0.01,0.005,1,25,298,12,7,22
3973,2.5,0.1,0.05,0.02,0.01,0.005,1,25,298,12,7,22
3622,2.5,0.1,0.05,0.02,0.01,0.005,1,25,298,12,7,22
3964,2.5,0.1,0.05,0.02,0.01,0.005,1,25,298,12,7,22
1152,2.5,0.1,0.05,0.02,0.01,0.005,1,25,298,12,7,22
1120,2.5,0.1,0.05,0.02,0.01,0.005,1,25,298,12,7,22
4290,2.5,0.1,0.05,0.02,0.01,0.005,1,25,298,12,7,22
2145,2.5,0.1,0.05,0.02,0.01,0.005,1,25,298,12,7,22
2743,2.5,0.1,0.05,0.02,0.01,0.005,1,25,298,12,7,22
3991,2.5,0.1,0.05,0.02,0.01,0.005,1,25,298,12,7,22
4211,2.5,0.1,0.05,0.02,0.01,0.005,1,25,298,12,7,22
4188,2.5,0.1,0.05,0.02,0.01,0.005,1,25,298,12,7,22
1879,2.5,0.1,0.05,0.02,0.01,0.005,1,25,298,12,7,22
4743,2.5,0.1,0.05,0.02,0.01,0.005,1,25,298,12,7,22
2545,2.5,0.1,0.05,0.02,0.01,0.005,1,25,298,12,7,22
3548,2.5,0.1,0.05,0.02,0.01,0.005,1,25,298,12,7,22
1888,2.5,0.1,0.05,0.02,0.01,0.005,1,25,298,12,7,22
901,2.5,0.1,0.05,0.02,0.01,0.005,1,25,298,12,7,22
3153,2.5,0.1,0.05,0.02,0.01,0.005,1,25,298,12,7,22
4824,2.5,0.1,0.05,0.02,0.01,0.005,1,25,298,12,7,22
4423,2.5,0.1,0.05,0.02,0.01,0.005,1,25,298,12,7,22
767,2.5,0.1,0.05,0.02,0.01,0.005,1,25,298,12,7,22
4721,2.5,0.1,0.05,0.02,0.01,0.005,1,25,298,12,7,22
2225,2.5,0.1,0.05,0.02,0.01,0.005,1,25,298,12,7,22
1612,2.5,0.1,0.05,0.02,0.01,0.005,1,25,298,12,7,22
3175,2.5,0.1,0.05,0.02,0.01,0.005,1,25,298,12,7,22
1780,2.5,0.1,0.05,0.02,0.01,0.005,1,25,298,12,7,22
1732,2.5,0.1,0.05,0.02,0.01,0.005,1,25,298,12,7,22
4876,2.5,0.1,0.05,0.02,0.01,0.005,1,25,298,12,7,22
2363,2.5,0.1,0.05,0.02,0.01,0.005,1,25,298,12,7,22
4984,2.5,0.1,0.05,0.02,0.01,0.005,1,25,298,12,7,22
1116,2.5,0.1,0.05,0.02,0.01,0.005,1,25,298,12,7,22
646,2.5,0.1,0.05,0.02,0.01,0.005,1,25,298,12,7,22
4177,2.5,0.1,0.05,0.02,0.01,0.005,1,25,298,12,7,22
788,2.5,0.1,0.05,0.02,0.01,0.005,1,25,298,12,7,22
1909,2.5,0.1,0.05,0.02,0.01,0.005,1,25,298,12,7,22
513,2.5,0.1,0.05,0.02,0.01,0.005,1,25,298,12,7,22
756,2.5,0.1,0.05,0.02,0.01,0.005,1,25,298,12,7,22
2221,2.5,0.1,0.05,0.02,0.01,0.005,1,25,298,12,7,22
1923,2.5,0.1,0.05,0.02,0.01,0.005,1,25,298,12,7,22
3490,2.5,0.1,0.05,0.02,0.01,0.005,1,25,298,12,7,22
1695,2.5,0.1,0.05,0.02,0.01,0.005,1,25,298,12,7,22
4865,2.5,0.1,0.05,0.02,0.01,0.005,1,25,298,12,7,22
1744,2.5,0.1,0.05,0.02,0.01,0.005,1,25,298,12,7,22
3723,2.5,0.1,0.05,0.02,0.01,0.005,1,25,298,12,7,22
3970,2.5,0.1,0.05,0.02,0.01,0.005,1,25,298,12,7,22
4667,2.5,0.1,0.05,0.02,0.01,0.005,1,25,298,12,7,22
4469,2.5,0.1,0.05,0.02,0.01,0.005,1,25,298,12,7,22
1806,2.5,0.1,0.05,0.02,0.01,0.005,1,25,298,12,7,22
2621,2.5,0.1,0.05,0.02,0.01,0.005,1,25,298,12,7,22
2902,2.5,0.1,0.05,0.02,0.01,0.005,1,25,298,12,7,22
996,2.5,0.1,0.05,0.02,0.01,0.005,1,25,298,12,7,22
3899,2.5,0.1,0.05,0.02,0.01,0.005,1,25,298,12,7,22
4106,2.5,0.1,0.05,0.02,0.01,0.005,1,25,298,12,7,22
1409,2.5,0.1,0.05,0.02,0.01,0.005,1,25,298,12,7,22
872,2.5,0.1,0.05,0.02,0.01,0.005,1,25,298,12,7,22
4957,2.5,0.1,0.05,0.02,0.01,0.005,1,25,298,12,7,22
1844,2.5,0.1,0.05,0.02,0.01,0.005,1,25,298,12,7,22
823,2.5,0.1,0.05,0.02,0.01,0.005,1,25,298,12,7,22
2931,2.5,0.1,0.05,0.02,0.01,0.005,1,25,298,12,7,22
3284,2.5,0.1,0.05,0.02,0.01,0.005,1,25,298,12,7,22
2893,2.5,0.1,0.05,0.02,0.01,0.005,1,25,298,12,7,22
4420,2.5,0.1,0.05,0.02,0.01,0.005,1,25,298,12,7,22
1715,2.5,0.1,0.05,0.02,0.01,0.005,1,25,298,12,7,22
2195,2.5,0.1,0.05,0.02,0.01,0.005,1,25,298,12,7,22
2407,2.5,0.1,0.05,0.02,0.01,0.005,1,25,298,12,7,22
1280,2.5,0.1,0.05,0.02,0.01,0.005,1,25,298,12,7,22
1519,2.5,0.1,0.05,0.02,0.01,0.005,1,25,298,12,7,22
3765,2.5,0.1,0.05,0.02,0.01,0.005,1,25,298,12,7,22
1903,2.5,0.1,0.05,0.02,0.01,0.005,1,25,298,12,7,22
1926,2.5,0.1,0.05,0.02,0.01,0.005,1,25,298,12,7,22
1163,2.5,0.1,0.05,0.02,0.01,0.005,1,25,298,12,7,22
3147,2.5,0.1,0.05,0.02,0.01,0.005,1,25,298,12,7,22
510,2.5,0.1,0.05,0.02,0.01,0.005,1,25,298,12,7,22
1538,2.5,0.1,0.05,0.02,0.01,0.005,1,25,298,12,7,22
3325,2.5,0.1,0.05,0.02,0.01,0.005,1,25,298,12,7,22
3503,2.5,0.1,0.05,0.02,0.01,0.005,1,25,298,12,7,22
1575,2.5,0.1,0.05,0.02,0.01,0.005,1,25,298,12,7,22
3588,2.5,0.1,0.05,0.02,0.01,0.005,1,25,298,12,7,22
2289,2.5,0.1,0.05,0.02,0.01,0.005,1,25,298,12,7,22
3536,2.5,0.1,0.05,0.02,0.01,0.005,1,25,298,12,7,22
4153,2.5,0.1,0.05,0.02,0.01,0.005,1,25,298,12,7,22
3675,2.5,0.1,0.05,0.02,0.01,0.005,1,25,298,12,7,22
4799,2.5,0.1,0.05,0.02,0.01,0.005,1,25,298,12,7,22
1576,2.5,0.1,0.05,0.02,0.01,0.005,1,25,298,12,7,22
1473,2.5,0.1,0.05,0.02,0.01,0.005,1,25,298,12,7,22
2365,2.5,0.1,0.05,0.02,0.01,0.005,1,25,298,12,7,22
3625,2.5,0.1,0.05,0.02,0.01,0.005,1,25,298,12,7,22
1799,2.5,0.1,0.05,0.02,0.01,0.005,1,25,298,12,7,22
3906,2.5,0.1,0.05,0.02,0.01,0.005,1,25,298,12,7,22
1658,2.5,0.1,0.05,0.02,0.01,0.005,1,25,298,12,7,22
3629,2.5,0.1,0.05,0.02,0.01,0.005,1,25,298,12,7,22
604,2.5,0.1,0.05,0.02,0.01,0.005,1,25,298,12,7,22
4067,2.5,0.1,0.05,0.02,0.01,0.005,1,25,298,12,7,22
4848,2.5,0.1,0.05,0.02,0.01,0.005,1,25,298,12,7,22
4890,2.5,0.1,0.05,0.02,0.01,0.005,1,25,298,12,7,22
1681,2.5,0.1,0.05,0.02,0.01,0.005,1,25,298,12,7,22
3638,2.5,0.1,0.05,0.02,0.01,0.005,1,25,298,12,7,22
4894,2.5,0.1,0.05,0.02,0.01,0.005,1,25,298,12,7,22
4034,2.5,0.1,0.05,0.02,0.01,0.005,1,25,298,12,7,22
4696,2.5,0.1,0.05,0.02,0.01,0.005,1,25,298,12,7,22
3627,2.5,0.1,0.05,0.02,0.01,0.005,1,25,298,12,7,22
2274,2.5,0.1,0.05,0.02,0.01,0.005,1,25,298,12,7,22
4314,2.5,0.1,0.05,0.02,0.01,0.005,1,25,298,12,7,22
591,2.5,0.1,0.05,0.02,0.01,0.005,1,25,298,12,7,22
946,2.5,0.1,0.05,0.02,0.01,0.005,1,25,298,12,7,22
608,2.5,0.1,0.05,0.02,0.01,0.005,1,25,298,12,7,22
4912,2.5,0.1,0.05,0.02,0.01,0.005,1,25,298,12,7,22
3739,2.5,0.1,0.05,0.02,0.01,0.005,1,25,298,12,7,22
4553,2.5,0.1,0.05,0.02,0.01,0.005,1,25,298,12,7,22
1745,2.5,0.1,0.05,0.02,0.01,0.005,1,25,298,12,7,22
3220,2.5,0.1,0.05,0.02,0.01,0.005,1,25,298,12,7,22
777,2.5,0.1,0.05,0.02,0.01,0.005,1,25,298,12,7,22
3556,2.5,0.1,0.05,0.02,0.01,0.005,1,25,298,12,7,22
3422,2.5,0.1,0.05,0.02,0.01,0.005,1,25,298,12,7,22
3013,2.5,0.1,0.05,0.02,0.01,0.005,1,25,298,12,7,22
1338,2.5,0.1,0.05,0.02,0.01,0.005,1,25,298,12,7,22
3301,2.5,0.1,0.05,0.02,0.01,0.005,1,25,298,12,7,22
529,2.5,0.1,0.05,0.02,0.01,0.005,1,25,298,12,7,22
1757,2.5,0.1,0.05,0.02,0.01,0.005,1,25,298,12,7,22
864,2.5,0.1,0.05,0.02,0.01,0.005,1,25,298,12,7,22
2300,2.5,0.1,0.05,0.02,0.01,0.005,1,25,298,12,7,22
1404,2.5,0.1,0.05,0.02,0.01,0.005,1,25,298,12,7,22
2678,2.5,0.1,0.05,0.02,0.01,0.005,1,25,298,12,7,22
3350,2.5,0.1,0.05,0.02,0.01,0.005,1,25,298,12,7,22
3336,2.5,0.1,0.05,0.02,0.01,0.005,1,25,298,12,7,22
4946,2.5,0.1,0.05,0.02,0.01,0.005,1,25,298,12,7,22
679,2.5,0.1,0.05,0.02,0.01,0.005,1,25,298,12,7,22
4373,2.5,0.1,0.05,0.02,0.01,0.005,1,25,298,12,7,22
4460,2.5,0.1,0.05,0.02,0.01,0.005,1,25,298,12,7,22
1686,2.5,0.1,0.05,0.02,0.01,0.005,1,25,298,12,7,22
4459,2.5,0.1,0.05,0.02,0.01,0.005,1,25,298,12,7,22
1273,2.5,0.1,0.05,0.02,0.01,0.005,1,25,298,12,7,22
4960,2.5,0.1,0.05,0.02,0.01,0.005,1,25,298,12,7,22
852,2.5,0.1,0.05,0.02,0.01,0.005,1,25,298,12,7,22
3528,2.5,0.1,0.05,0.02,0.01,0.005,1,25,298,12,7,22
617,2.5,0.1,0.05,0.02,0.01,0.005,1,25,298,12,7,22
981,2.5,0.1,0.05,0.02,0.01,0.005,1,25,298,12,7,22
4787,2.5,0.1,0.05,0.02,0.01,0.005,1,25,298,12,7,22
3137,2.5,0.1,0.05,0.02,0.01,0.005,1,25,298,12,7,22
606,2.5,0.1,0.05,0.02,0.01,0.005,1,25,298,12,7,22
4977,2.5,0.1,0.05,0.02,0.01,0.005,1,25,298,12,7,22
743,2.5,0.1,0.05,0.02,0.01,0.005,1,25,298,12,7,22
3132,2.5,0.1,0.05,0.02,0.01,0.005,1,25,298,12,7,22
1365,2.5,0.1,0.05,0.02,0.01,0.005,1,25,298,12,7,22
3481,2.5,0.1,0.05,0.02,0.01,0.005,1,25,298,12,7,22
2061,2.5,0.1,0.05,0.02,0.01,0.005,1,25,298,12,7,22
1103,2.5,0.1,0.05,0.02,0.01,0.005,1,25,298,12,7,22
3562,2.5,0.1,0.05,0.02,0.01,0.005,1,25,298,12,7,22
4518,2.5,0.1,0.05,0.02,0.01,0.005,1,25,298,12,7,22
2515,2.5,0.1,0.05,0.02,0.01,0.005,1,25,298,12,7,22
2158,2.5,0.1,0.05,0.02,0.01,0.005,1,25,298,12,7,22
3880,2.5,0.1,0.05,0.02,0.01,0.005,1,25,298,12,7,22
4267,2.5,0.1,0.05,0.02,0.01,0.005,1,25,298,12,7,22
4270,2.5,0.1,0.05,0.02,0.01,0.005,1,25,298,12,7,22
2113,2.5,0.1,0.05,0.02,0.01,0.005,1,25,298,12,7,22
2379,2.5,0.1,0.05,0.02,0.01,0.005,1,25,298,12,7,22
4608,2.5,0.1,0.05,0.02,0.01,0.005,1,25,298,12,7,22
2846,2.5,0.1,0.05,0.02,0.01,0.005,1,25,298,12,7,22
1599,2.5,0.1,0.05,0.02,0.01,0.005,1,25,298,12,7,22
1574,2.5,0.1,0.05,0.02,0.01,0.005,1,25,298,12,7,22
1286,2.5,0.1,0.05,0.02,0.01,0.005,1,25,298,12,7,22
648,2.5,0.1,0.05,0.02,0.01,0.005,1,25,298,12,7,22
2254,2.5,0.1,0.05,0.02,0.01,0.005,1,25,298,12,7,22
2669,2.5,0.1,0.05,0.02,0.01,0.005,1,25,298,12,7,22
4256,2.5,0.1,0.05,0.02,0.01,0.005,1,25,298,12,7,22
1679,2.5,0.1,0.05,0.02,0.01,0.005,1,25,298,12,7,22
3809,2.5,0.1,0.05,0.02,0.01,0.005,1,25,298,12,7,22
2923,2.5,0.1,0.05,0.02,0.01,0.005,1,25,298,12,7,22
4677,2.5,0.1,0.05,0.02,0.01,0.005,1,25,298,12,7,22
1424,2.5,0.1,0.05,0.02,0.01,0.005,1,25,298,12,7,22
2103,2.5,0.1,0.05,0.02,0.01,0.005,1,25,298,12,7,22
3552,2.5,0.1,0.05,0.02,0.01,0.005,1,25,298,12,7,22
4718,2.5,0.1,0.05,0.02,0.01,0.005,1,25,298,12,7,22
2877,2.5,0.1,0.05,0.02,0.01,0.005,1,25,298,12,7,22
3980,2.5,0.1,0.05,0.02,0.01,0.005,1,25,298,12,7,22
3682,2.5,0.1,0.05,0.02,0.01,0.005,1,25,298,12,7,22
3317,2.5,0.1,0.05,0.02,0.01,0.005,1,25,298,12,7,22
3660,2.5,0.1,0.05,0.02,0.01,0.005,1,25,298,12,7,22
1211,2.5,0.1,0.05,0.02,0.01,0.005,1,25,298,12,7,22
3086,2.5,0.1,0.05,0.02,0.01,0.005,1,25,298,12,7,22
3148,2.5,0.1,0.05,0.02,0.01,0.005,1,25,298,12,7,22
2217,2.5,0.1,0.05,0.02,0.01,0.005,1,25,298,12,7,22
4852,2.5,0.1,0.05,0.02,0.01,0.005,1,25,298,12,7,22
1370,2.5,0.1,0.05,0.02,0.01,0.005,1,25,298,12,7,22
4074,2.5,0.1,0.05,0.02,0.01,0.005,1,25,298,12,7,22
770,2.5,0.1,0.05,0.02,0.01,0.005,1,25,298,12,7,22
2043,2.5,0.1,0.05,0.02,0.01,0.005,1,25,298,12,7,22
1049,2.5,0.1,0.05,0.02,0.01,0.005,1,25,298,12,7,22
4514,2.5,0.1,0.05,0.02,0.01,0.005,1,25,298,12,7,22
4954,2.5,0.1,0.05,0.02,0.01,0.005,1,25,298,12,7,22
2212,2.5,0.1,0.05,0.02,0.01,0.005,1,25,298,12,7,22
3740,2.5,0.1,0.05,0.02,0.01,0.005,1,25,298,12,7,22
1862,2.5,0.1,0.05,0.02,0.01,0.005,1,25,298,12,7,22
1784,2.5,0.1,0.05,0.02,0.01,0.005,1,25,298,12,7,22
1386,2.5,0.1,0.05,0.02,0.01,0.005,1,25,298,12,7,22
2758,2.5,0.1,0.05,0.02,0.01,0.005,1,25,298,12,7,22
4882,2.5,0.1,0.05,0.02,0.01,0.005,1,25,298,12,7,22
2285,2.5,0.1,0.05,0.02,0.01,0.005,1,25,298,12,7,22
4043,2.5,0.1,0.05,0.02,0.01,0.005,1,25,298,12,7,22
795,2.5,0.1,0.05,0.02,0.01,0.005,1,25,298,12,7,22
2553,2.5,0.1,0.05,0.02,0.01,0.005,1,25,298,12,7,22
3097,2.5,0.1,0.05,0.02,0.01,0.005,1,25,298,12,7,22
1180,2.5,0.1,0.05,0.02,0.01,0.005,1,25,298,12,7,22
4798,2.5,0.1,0.05,0.02,0.01,0.005,1,25,298,12,7,22
824,2.5,0.1,0.05,0.02,0.01,0.005,1,25,298,12,7,22
2791,2.5,0.1,0.05,0.02,0.01,0.005,1,25,298,12,7,22
4922,2.5,0.1,0.05,0.02,0.01,0.005,1,25,298,12,7,22
1486,2.5,0.1,0.05,0.02,0.01,0.005,1,25,298,12,7,22
3618,2.5,0.1,0.05,0.02,0.01,0.005,1,25,298,12,7,22
1260,2.5,0.1,0.05,0.02,0.01,0.005,1,25,298,12,7,22
4193,2.5,0.1,0.05,0.02,0.01,0.005,1,25,298,12,7,22
1536,2.5,0.1,0.05,0.02,0.01,0.005,1,25,298,12,7,22
1406,2.5,0.1,0.05,0.02,0.01,0.005,1,25,298,12,7,22
864,2.5,0.1,0.05,0.02,0.01,0.005,1,25,298,12,7,22
3913,2.5,0.1,0.05,0.02,0.01,0.005,1,25,298,12,7,22
1569,2.5,0.1,0.05,0.02,0.01,0.005,1,25,298,12,7,22
4869,2.5,0.1,0.05,0.02,0.01,0.005,1,25,298,12,7,22
2755,2.5,0.1,0.05,0.02,0.01,0.005,1,25,298,12,7,22
4186,2.5,0.1,0.05,0.02,0.01,0.005,1,25,298,12,7,22
4719,2.5,0.1,0.05,0.02,0.01,0.005,1,25,298,12,7,22
3581,2.5,0.1,0.05,0.02,0.01,0.005,1,25,298,12,7,22
3758,2.5,0.1,0.05,0.02,0.01,0.005,1,25,298,12,7,22
2607,2.5,0.1,0.05,0.02,0.01,0.005,1,25,298,12,7,22
3433,2.5,0.1,0.05,0.02,0.01,0.005,1,25,298,12,7,22
3329,2.5,0.1,0.05,0.02,0.01,0.005,1,25,298,12,7,22
941,2.5,0.1,0.05,0.02,0.01,0.005,1,25,298,12,7,22
2059,2.5,0.1,0.05,0.02,0.01,0.005,1,25,298,12,7,22
2241,2.5,0.1,0.05,0.02,0.01,0.005,1,25,298,12,7,22
1125,2.5,0.1,0.05,0.02,0.01,0.005,1,25,298,12,7,22
4363,2.5,0.1,0.05,0.02,0.01,0.005,1,25,298,12,7,22
2190,2.5,0.1,0.05,0.02,0.01,0.005,1,25,298,12,7,22
3281,2.5,0.1,0.05,0.02,0.01,0.005,1,25,298,12,7,22
590,2.5,0.1,0.05,0.02,0.01,0.005,1,25,298,12,7,22
3506,2.5,0.1,0.05,0.02,0.01,0.005,1,25,298,12,7,22
4802,2.5,0.1,0.05,0.02,0.01,0.005,1,25,298,12,7,22
1588,2.5,0.1,0.05,0.02,0.01,0.005,1,25,298,12,7,22
1680,2.5,0.1,0.05,0.02,0.01,0.005,1,25,298,12,7,22
2401,2.5,0.1,0.05,0.02,0.01,0.005,1,25,298,12,7,22
4990,2.5,0.1,0.05,0.02,0.01,0.005,1,25,298,12,7,22
686,2.5,0.1,0.05,0.02,0.01,0.005,1,25,298,12,7,22
2097,2.5,0.1,0.05,0.02,0.01,0.005,1,25,298,12,7,22
3908,2.5,0.1,0.05,0.02,0.01,0.005,1,25,298,12,7,22
4247,2.5,0.1,0.05,0.02,0.01,0.005,1,25,298,12,7,22
3170,2.5,0.1,0.05,0.02,0.01,0.005,1,25,298,12,7,22
739,2.5,0.1,0.05,0.02,0.01,0.005,1,25,298,12,7,22
3080,2.5,0.1,0.05,0.02,0.01,0.005,1,25,298,12,7,22
4736,2.5,0.1,0.05,0.02,0.01,0.005,1,25,298,12,7,22
638,2.5,0.1,0.05,0.02,0.01,0.005,1,25,298,12,7,22
3006,2.5,0.1,0.05,0.02,0.01,0.005,1,25,298,12,7,22
4665,2.5,0.1,0.05,0.02,0.01,0.005,1,25,298,12,7,22
4980,2.5,0.1,0.05,0.02,0.01,0.005,1,25,298,12,7,22
2745,2.5,0.1,0.05,0.02,0.01,0.005,1,25,298,12,7,22
4800,2.5,0.1,0.05,0.02,0.01,0.005,1,25,298,12,7,22
2249,2.5,0.1,0.05,0.02,0.01,0.005,1,25,298,12,7,22
1067,2.5,0.1,0.05,0.02,0.01,0.005,1,25,298,12,7,22
1381,2.5,0.1,0.05,0.02,0.01,0.005,1,25,298,12,7,22
1139,2.5,0.1,0.05,0.02,0.01,0.005,1,25,298,12,7,22
4461,2.5,0.1,0.05,0.02,0.01,0.005,1,25,298,12,7,22
4920,2.5,0.1,0.05,0.02,0.01,0.005,1,25,298,12,7,22
2835,2.5,0.1,0.05,0.02,0.01,0.005,1,25,298,12,7,22
4821,2.5,0.1,0.05,0.02,0.01,0.005,1,25,298,12,7,22
3485,2.5,0.1,0.05,0.02,0.01,0.005,1,25,298,12,7,22
1059,2.5,0.1,0.05,0.02,0.01,0.005,1,25,298,12,7,22
1213,2.5,0.1,0.05,0.02,0.01,0.005,1,25,298,12,7,22
4488,2.5,0.1,0.05,0.02,0.01,0.005,1,25,298,12,7,22
756,2.5,0.1,0.05,0.02,0.01,0.005,1,25,298,12,7,22
1076,2.5,0.1,0.05,0.02,0.01,0.005,1,25,298,12,7,22
537,2.5,0.1,0.05,0.02,0.01,0.005,1,25,298,12,7,22
2572,2.5,0.1,0.05,0.02,0.01,0.005,1,25,298,12,7,22
960,2.5,0.1,0.05,0.02,0.01,0.005,1,25,298,12,7,22
1940,2.5,0.1,0.05,0.02,0.01,0.005,1,25,298,12,7,22
4978,2.5,0.1,0.05,0.02,0.01,0.005,1,25,298,12,7,22
2332,2.5,0.1,0.05,0.02,0.01,0.005,1,25,298,12,7,22
3899,2.5,0.1,0.05,0.02,0.01,0.005,1,25,298,12,7,22
932,2.5,0.1,0.05,0.02,0.01,0.005,1,25,298,12,7,22
4651,2.5,0.1,0.05,0.02,0.01,0.005,1,25,298,12,7,22
2251,2.5,0.1,0.05,0.02,0.01,0.005,1,25,298,12,7,22
2547,2.5,0.1,0.05,0.02,0.01,0.005,1,25,298,12,7,22
3340,2.5,0.1,0.05,0.02,0.01,0.005,1,25,298,12,7,22
756,2.5,0.1,0.05,0.02,0.01,0.005,1,25,298,12,7,22
1171,2.5,0.1,0.05,0.02,0.01,0.005,1,25,298,12,7,22
989,2.5,0.1,0.05,0.02,0.01,0.005,1,25,298,12,7,22
4214,2.5,0.1,0.05,0.02,0.01,0.005,1,25,298,12,7,22
2596,2.5,0.1,0.05,0.02,0.01,0.005,1,25,298,12,7,22
2182,2.5,0.1,0.05,0.02,0.01,0.005,1,25,298,12,7,22
4911,2.5,0.1,0.05,0.02,0.01,0.005,1,25,298,12,7,22
2960,2.5,0.1,0.05,0.02,0.01,0.005,1,25,298,12,7,22
4412,2.5,0.1,0.05,0.02,0.01,0.005,1,25,298,12,7,22
2475,2.5,0.1,0.05,0.02,0.01,0.005,1,25,298,12,7,22
3716,2.5,0.1,0.05,0.02,0.01,0.005,1,25,298,12,7,22
1889,2.5,0.1,0.05,0.02,0.01,0.005,1,25,298,12,7,22
4356,2.5,0.1,0.05,0.02,0.01,0.005,1,25,298,12,7,22
2084,2.5,0.1,0.05,0.02,0.01,0.005,1,25,298,12,7,22
3463,2.5,0.1,0.05,0.02,0.01,0.005,1,25,298,12,7,22
1476,2.5,0.1,0.05,0.02,0.01,0.005,1,25,298,12,7,22
3864,2.5,0.1,0.05,0.02,0.01,0.005,1,25,298,12,7,22
545,2.5,0.1,0.05,0.02,0.01,0.005,1,25,298,12,7,22
1693,2.5,0.1,0.05,0.02,0.01,0.005,1,25,298,12,7,22
3842,2.5,0.1,0.05,0.02,0.01,0.005,1,25,298,12,7,22
746,2.5,0.1,0.05,0.02,0.01,0.005,1,25,298,12,7,22
3719,2.5,0.1,0.05,0.02,0.01,0.005,1,25,298,12,7,22
4825,2.5,0.1,0.05,0.02,0.01,0.005,1,25,298,12,7,22
1291,2.5,0.1,0.05,0.02,0.01,0.005,1,25,298,12,7,22
1136,2.5,0.1,0.05,0.02,0.01,0.005,1,25,298,12,7,22
4275,2.5,0.1,0.05,0.02,0.01,0.005,1,25,298,12,7,22
2921,2.5,0.1,0.05,0.02,0.01,0.005,1,25,298,12,7,22
1588,2.5,0.1,0.05,0.02,0.01,0.005,1,25,298,12,7,22
4683,2.5,0.1,0.05,0.02,0.01,0.005,1,25,298,12,7,22
3659,2.5,0.1,0.05,0.02,0.01,0.005,1,25,298,12,7,22
1212,2.5,0.1,0.05,0.02,0.01,0.005,1,25,298,12,7,22
4144,2.5,0.1,0.05,0.02,0.01,0.005,1,25,298,12,7,22
4390,2.5,0.1,0.05,0.02,0.01,0.005,1,25,298,12,7,22
3086,2.5,0.1,0.05,0.02,0.01,0.005,1,25,298,12,7,22
4809,2.5,0.1,0.05,0.02,0.01,0.005,1,25,298,12,7,22
2608,2.5,0.1,0.05,0.02,0.01,0.005,1,25,298,12,7,22
4114,2.5,0.1,0.05,0.02,0.01,0.005,1,25,298,12,7,22
1742,2.5,0.1,0.05,0.02,0.01,0.005,1,25,298,12,7,22
2559,2.5,0.1,0.05,0.02,0.01,0.005,1,25,298,12,7,22
3986,2.5,0.1,0.05,0.02,0.01,0.005,1,25,298,12,7,22
4832,2.5,0.1,0.05,0.02,0.01,0.005,1,25,298,12,7,22
4310,2.5,0.1,0.05,0.02,0.01,0.005,1,25,298,12,7,22
4400,2.5,0.1,0.05,0.02,0.01,0.005,1,25,298,12,7,22
3105,2.5,0.1,0.05,0.02,0.01,0.005,1,25,298,12,7,22
3534,2.5,0.1,0.05,0.02,0.01,0.005,1,25,298,12,7,22
4707,2.5,0.1,0.05,0.02,0.01,0.005,1,25,298,12,7,22
4551,2.5,0.1,0.05,0.02,0.01,0.005,1,25,298,12,7,22
3863,2.5,0.1,0.05,0.02,0.01,0.005,1,25,298,12,7,22
4521,2.5,0.1,0.05,0.02,0.01,0.005,1,25,298,12,7,22
2345,2.5,0.1,0.05,0.02,0.01,0.005,1,25,298,12,7,22
882,2.5,0.1,0.05,0.02,0.01,0.005,1,25,298,12,7,22
4612,2.5,0.1,0.05,0.02,0.01,0.005,1,25,298,12,7,22
4310,2.5,0.1,0.05,0.02,0.01,0.005,1,25,298,12,7,22
2396,2.5,0.1,0.05,0.02,0.01,0.005,1,25,298,12,7,22
2009,2.5,0.1,0.05,0.02,0.01,0.005,1,25,298,12,7,22
4712,2.5,0.1,0.05,0.02,0.01,0.005,1,25,298,12,7,22
2078,2.5,0.1,0.05,0.02,0.01,0.005,1,25,298,12,7,22
1379,2.5,0.1,0.05,0.02,0.01,0.005,1,25,298,12,7,22
2662,2.5,0.1,0.05,0.02,0.01,0.005,1,25,298,12,7,22
2072,2.5,0.1,0.05,0.02,0.01,0.005,1,25,298,12,7,22
2148,2.5,0.1,0.05,0.02,0.01,0.005,1,25,298,12,7,22
1859,2.5,0.1,0.05,0.02,0.01,0.005,1,25,298,12,7,22
4931,2.5,0.1,0.05,0.02,0.01,0.005,1,25,298,12,7,22
3469,2.5,0.1,0.05,0.02,0.01,0.005,1,25,298,12,7,22
4460,2.5,0.1,0.05,0.02,0.01,0.005,1,25,298,12,7,22
4311,2.5,0.1,0.05,0.02,0.01,0.005,1,25,298,12,7,22
4742,2.5,0.1,0.05,0.02,0.01,0.005,1,25,298,12,7,22
4717,2.5,0.1,0.05,0.02,0.01,0.005,1,25,298,12,7,22
580,2.5,0.1,0.05,0.02,0.01,0.005,1,25,298,12,7,22
3232,2.5,0.1,0.05,0.02,0.01,0.005,1,25,298,12,7,22
3209,2.5,0.1,0.05,0.02,0.01,0.005,1,25,298,12,7,22
2922,2.5,0.1,0.05,0.02,0.01,0.005,1,25,298,12,7,22
4141,2.5,0.1,0.05,0.02,0.01,0.005,1,25,298,12,7,22
1167,2.5,0.1,0.05,0.02,0.01,0.005,1,25,298,12,7,22
2996,2.5,0.1,0.05,0.02,0.01,0.005,1,25,298,12,7,22
3999,2.5,0.1,0.05,0.02,0.01,0.005,1,25,298,12,7,22
3998,2.5,0.1,0.05,0.02,0.01,0.005,1,25,298,12,7,22
1944,2.5,0.1,0.05,0.02,0.01,0.005,1,25,298,12,7,22
1845,2.5,0.1,0.05,0.02,0.01,0.005,1,25,298,12,7,22
1689,2.5,0.1,0.05,0.02,0.01,0.005,1,25,298,12,7,22
958,2.5,0.1,0.05,0.02,0.01,0.005,1,25,298,12,7,22
1712,2.5,0.1,0.05,0.02,0.01,0.005,1,25,298,12,7,22
1411,2.5,0.1,0.05,0.02,0.01,0.005,1,25,298,12,7,22
1525,2.5,0.1,0.05,0.02,0.01,0.005,1,25,298,12,7,22
2911,2.5,0.1,0.05,0.02,0.01,0.005,1,25,298,12,7,22
571,2.5,0.1,0.05,0.02,0.01,0.005,1,25,298,12,7,22
3185,2.5,0.1,0.05,0.02,0.01,0.005,1,25,298,12,7,22
1693,2.5,0.1,0.05,0.02,0.01,0.005,1,25,298,12,7,22
2348,2.5,0.1,0.05,0.02,0.01,0.005,1,25,298,12,7,22
2884,2.5,0.1,0.05,0.02,0.01,0.005,1,25,298,12,7,22
2522,2.5,0.1,0.05,0.02,0.01,0.005,1,25,298,12,7,22
4241,2.5,0.1,0.05,0.02,0.01,0.005,1,25,298,12,7,22
1798,2.5,0.1,0.05,0.02,0.01,0.005,1,25,298,12,7,22
4602,2.5,0.1,0.05,0.02,0.01,0.005,1,25,298,12,7,22
1404,2.5,0.1,0.05,0.02,0.01,0.005,1,25,298,12,7,22
3526,2.5,0.1,0.05,0.02,0.01,0.005,1,25,298,12,7,22
2528,2.5,0.1,0.05,0.02,0.01,0.005,1,25,298,12,7,22
3120,2.5,0.1,0.05,0.02,0.01,0.005,1,25,298,12,7,22
3146,2.5,0.1,0.05,0.02,0.01,0.005,1,25,298,12,7,22
2789,2.5,0.1,0.05,0.02,0.01,0.005,1,25,298,12,7,22
4372,2.5,0.1,0.05,0.02,0.01,0.005,1,25,298,12,7,22
1985,2.5,0.1,0.05,0.02,0.01,0.005,1,25,298,12,7,22
3651,2.5,0.1,0.05,0.02,0.01,0.005,1,25,298,12,7,22
1940,2.5,0.1,0.05,0.02,0.01,0.005,1,25,298,12,7,22
1265,2.5,0.1,0.05,0.02,0.01,0.005,1,25,298,12,7,22
4979,2.5,0.1,0.05,0.02,0.01,0.005,1,25,298,12,7,22
2938,2.5,0.1,0.05,0.02,0.01,0.005,1,25,298,12,7,22
4592,2.5,0.1,0.05,0.02,0.01,0.005,1,25,298,12,7,22
1649,2.5,0.1,0.05,0.02,0.01,0.005,1,25,298,12,7,22
4065,2.5,0.1,0.05,0.02,0.01,0.005,1,25,298,12,7,22
4642,2.5,0.1,0.05,0.02,0.01,0.005,1,25,298,12,7,22
2472,2.5,0.1,0.05,0.02,0.01,0.005,1,25,298,12,7,22
3166,2.5,0.1,0.05,0.02,0.01,0.005,1,25,298,12,7,22
963,2.5,0.1,0.05,0.02,0.01,0.005,1,25,298,12,7,22
4718,2.5,0.1,0.05,0.02,0.01,0.005,1,25,298,12,7,22
2681,2.5,0.1,0.05,0.02,0.01,0.005,1,25,298,12,7,22
2142,2.5,0.1,0.05,0.02,0.01,0.005,1,25,298,12,7,22
4388,2.5,0.1,0.05,0.02,0.01,0.005,1,25,298,12,7,22
1340,2.5,0.1,0.05,0.02,0.01,0.005,1,25,298,12,7,22
3154,2.5,0.1,0.05,0.02,0.01,0.005,1,25,298,12,7,22
4618,2.5,0.1,0.05,0.02,0.01,0.005,1,25,298,12,7,22
1065,2.5,0.1,0.05,0.02,0.01,0.005,1,25,298,12,7,22
1464,2.5,0.1,0.05,0.02,0.01,0.005,1,25,298,12,7,22
2782,2.5,0.1,0.05,0.02,0.01,0.005,1,25,298,12,7,22
1495,2.5,0.1,0.05,0.02,0.01,0.005,1,25,298,12,7,22
1687,2.5,0.1,0.05,0.02,0.01,0.005,1,25,298,12,7,22
4811,2.5,0.1,0.05,0.02,0.01,0.005,1,25,298,12,7,22
3754,2.5,0.1,0.05,0.02,0.01,0.005,1,25,298,12,7,22
1156,2.5,0.1,0.05,0.02,0.01,0.005,1,25,298,12,7,22
3482,2.5,0.1,0.05,0.02,0.01,0.005,1,25,298,12,7,22
1613,2.5,0.1,0.05,0.02,0.01,0.005,1,25,298,12,7,22
4906,2.5,0.1,0.05,0.02,0.01,0.005,1,25,298,12,7,22
1056,2.5,0.1,0.05,0.02,0.01,0.005,1,25,298,12,7,22
3519,2.5,0.1,0.05,0.02,0.01,0.005,1,25,298,12,7,22
2804,2.5,0.1,0.05,0.02,0.01,0.005,1,25,298,12,7,22
3080,2.5,0.1,0.05,0.02,0.01,0.005,1,25,298,12,7,22
551,2.5,0.1,0.05,0.02,0.01,0.005,1,25,298,12,7,22
1861,2.5,0.1,0.05,0.02,0.01,0.005,1,25,298,12,7,22
1694,2.5,0.1,0.05,0.02,0.01,0.005,1,25,298,12,7,22
4519,2.5,0.1,0.05,0.02,0.01,0.005,1,25,298,12,7,22
3638,2.5,0.1,0.05,0.02,0.01,0.005,1,25,298,12,7,22
2148,2.5,0.1,0.05,0.02,0.01,0.005,1,25,298,12,7,22
1171,2.5,0.1,0.05,0.02,0.01,0.005,1,25,298,12,7,22
1277,2.5,0.1,0.05,0.02,0.01,0.005,1,25,298,12,7,22
2779,2.5,0.1,0.05,0.02,0.01,0.005,1,25,298,12,7,22
3522,2.5,0.1,0.05,0.02,0.01,0.005,1,25,298,12,7,22
2360,2.5,0.1,0.05,0.02,0.01,0.005,1,25,298,12,7,22
3639,2.5,0.1,0.05,0.02,0.01,0.005,1,25,298,12,7,22
1574,2.5,0.1,0.05,0.02,0.01,0.005,1,25,298,12,7,22
2216,2.5,0.1,0.05,0.02,0.01,0.005,1,25,298,12,7,22
1783,2.5,0.1,0.05,0.02,0.01,0.005,1,25,298,12,7,22
2486,2.5,0.1,0.05,0.02,0.01,0.005,1,25,298,12,7,22
3133,2.5,0.1,0.05,0.02,0.01,0.005,1,25,298,12,7,22
1501,2.5,0.1,0.05,0.02,0.01,0.005,1,25,298,12,7,22
1546,2.5,0.1,0.05,0.02,0.01,0.005,1,25,298,12,7,22
2676,2.5,0.1,0.05,0.02,0.01,0.005,1,25,298,12,7,22
2838,2.5,0.1,0.05,0.02,0.01,0.005,1,25,298,12,7,22
2355,2.5,0.1,0.05,0.02,0.01,0.005,1,25,298,12,7,22
1000,2.5,0.1,0.05,0.02,0.01,0.005,1,25,298,12,7,22
2733,2.5,0.1,0.05,0.02,0.01,0.005,1,25,298,12,7,22
3039,2.5,0.1,0.05,0.02,0.01,0.005,1,25,298,12,7,22
4214,2.5,0.1,0.05,0.02,0.01,0.005,1,25,298,12,7,22
2832,2.5,0.1,0.05,0.02,0.01,0.005,1,25,298,12,7,22
1100,2.5,0.1,0.05,0.02,0.01,0.005,1,25,298,12,7,22
4784,2.5,0.1,0.05,0.02,0.01,0.005,1,25,298,12,7,22
1488,2.5,0.1,0.05,0.02,0.01,0.005,1,25,298,12,7,22
2381,2.5,0.1,0.05,0.02,0.01,0.005,1,25,298,12,7,22
4983,2.5,0.1,0.05,0.02,0.01,0.005,1,25,298,12,7,22
2254,2.5,0.1,0.05,0.02,0.01,0.005,1,25,298,12,7,22
2964,2.5,0.1,0.05,0.02,0.01,0.005,1,25,298,12,7,22
2723,2.5,0.1,0.05,0.02,0.01,0.005,1,25,298,12,7,22
4982,2.5,0.1,0.05,0.02,0.01,0.005,1,25,298,12,7,22
1994,2.5,0.1,0.05,0.02,0.01,0.005,1,25,298,12,7,22
1352,2.5,0.1,0.05,0.02,0.01,0.005,1,25,298,12,7,22
951,2.5,0.1,0.05,0.02,0.01,0.005,1,25,298,12,7,22
2824,2.5,0.1,0.05,0.02,0.01,0.005,1,25,298,12,7,22
2258,2.5,0.1,0.05,0.02,0.01,0.005,1,25,298,12,7,22
4808,2.5,0.1,0.05,0.02,0.01,0.005,1,25,298,12,7,22
3853,2.5,0.1,0.05,0.02,0.01,0.005,1,25,298,12,7,22
4636,2.5,0.1,0.05,0.02,0.01,0.005,1,25,298,12,7,22
3838,2.5,0.1,0.05,0.02,0.01,0.005,1,25,298,12,7,22
3088,2.5,0.1,0.05,0.02,0.01,0.005,1,25,298,12,7,22
2282,2.5,0.1,0.05,0.02,0.01,0.005,1,25,298,12,7,22
4020,2.5,0.1,0.05,0.02,0.01,0.005,1,25,298,12,7,22
2279,2.5,0.1,0.05,0.02,0.01,0.005,1,25,298,12,7,22
3632,2.5,0.1,0.05,0.02,0.01,0.005,1,25,298,12,7,22
4073,2.5,0.1,0.05,0.02,0.01,0.005,1,25,298,12,7,22
3718,2.5,0.1,0.05,0.02,0.01,0.005,1,25,298,12,7,22
4257,2.5,0.1,0.05,0.02,0.01,0.005,1,25,298,12,7,22
4516,2.5,0.1,0.05,0.02,0.01,0.005,1,25,298,12,7,22
3337,2.5,0.1,0.05,0.02,0.01,0.005,1,25,298,12,7,22
2881,2.5,0.1,0.05,0.02,0.01,0.005,1,25,298,12,7,22
4739,2.5,0.1,0.05,0.02,0.01,0.005,1,25,298,12,7,22
4436,2.5,0.1,0.05,0.02,0.01,0.005,1,25,298,12,7,22
4928,2.5,0.1,0.05,0.02,0.01,0.005,1,25,298,12,7,22
1919,2.5,0.1,0.05,0.02,0.01,0.005,1,25,298,12,7,22
4650,2.5,0.1,0.05,0.02,0.01,0.005,1,25,298,12,7,22
1830,2.5,0.1,0.05,0.02,0.01,0.005,1,25,298,12,7,22
3417,2.5,0.1,0.05,0.02,0.01,0.005,1,25,298,12,7,22
1946,2.5,0.1,0.05,0.02,0.01,0.005,1,25,298,12,7,22
1940,2.5,0.1,0.05,0.02,0.01,0.005,1,25,298,12,7,22
4244,2.5,0.1,0.05,0.02,0.01,0.005,1,25,298,12,7,22
3344,2.5,0.1,0.05,0.02,0.01,0.005,1,25,298,12,7,22
4675,2.5,0.1,0.05,0.02,0.01,0.005,1,25,298,12,7,22
1364,2.5,0.1,0.05,0.02,0.01,0.005,1,25,298,12,7,22
971,2.5,0.1,0.05,0.02,0.01,0.005,1,25,298,12,7,22
2002,2.5,0.1,0.05,0.02,0.01,0.005,1,25,298,12,7,22
1910,2.5,0.1,0.05,0.02,0.01,0.005,1,25,298,12,7,22
4270,2.5,0.1,0.05,0.02,0.01,0.005,1,25,298,12,7,22
2405,2.5,0.1,0.05,0.02,0.01,0.005,1,25,298,12,7,22
4501,2.5,0.1,0.05,0.02,0.01,0.005,1,25,298,12,7,22
4004,2.5,0.1,0.05,0.02,0.01,0.005,1,25,298,12,7,22
3983,2.5,0.1,0.05,0.02,0.01,0.005,1,25,298,12,7,22
1098,2.5,0.1,0.05,0.02,0.01,0.005,1,25,298,12,7,22
1491,2.5,0.1,0.05,0.02,0.01,0.005,1,25,298,12,7,22
2432,2.5,0.1,0.05,0.02,0.01,0.005,1,25,298,12,7,22
3284,2.5,0.1,0.05,0.02,0.01,0.005,1,25,298,12,7,22
3541,2.5,0.1,0.05,0.02,0.01,0.005,1,25,298,12,7,22
566,2.5,0.1,0.05,0.02,0.01,0.005,1,25,298,12,7,22
3898,2.5,0.1,0.05,0.02,0.01,0.005,1,25,298,12,7,22
3250,2.5,0.1,0.05,0.02,0.01,0.005,1,25,298,12,7,22
969,2.5,0.1,0.05,0.02,0.01,0.005,1,25,298,12,7,22
2224,2.5,0.1,0.05,0.02,0.01,0.005,1,25,298,12,7,22
4485,2.5,0.1,0.05,0.02,0.01,0.005,1,25,298,12,7,22
2131,2.5,0.1,0.05,0.02,0.01,0.005,1,25,298,12,7,22
1274,2.5,0.1,0.05,0.02,0.01,0.005,1,25,298,12,7,22
3512,2.5,0.1,0.05,0.02,0.01,0.005,1,25,298,12,7,22
3003,2.5,0.1,0.05,0.02,0.01,0.005,1,25,298,12,7,22
1986,2.5,0.1,0.05,0.02,0.01,0.005,1,25,298,12,7,22
4519,2.5,0.1,0.05,0.02,0.01,0.005,1,25,298,12,7,22
4727,2.5,0.1,0.05,0.02,0.01,0.005,1,25,298,12,7,22
1429,2.5,0.1,0.05,0.02,0.01,0.005,1,25,298,12,7,22
3512,2.5,0.1,0.05,0.02,0.01,0.005,1,25,298,12,7,22
2005,2.5,0.1,0.05,0.02,0.01,0.005,1,25,298,12,7,22
3444,2.5,0.1,0.05,0.02,0.01,0.005,1,25,298,12,7,22
3319,2.5,0.1,0.05,0.02,0.01,0.005,1,25,298,12,7,22
1684,2.5,0.1,0.05,0.02,0.01,0.005,1,25,298,12,7,22
788,2.5,0.1,0.05,0.02,0.01,0.005,1,25,298,12,7,22
2311,2.5,0.1,0.05,0.02,0.01,0.005,1,25,298,12,7,22
1027,2.5,0.1,0.05,0.02,0.01,0.005,1,25,298,12,7,22
1416,2.5,0.1,0.05,0.02,0.01,0.005,1,25,298,12,7,22
2208,2.5,0.1,0.05,0.02,0.01,0.005,1,25,298,12,7,22
4074,2.5,0.1,0.05,0.02,0.01,0.005,1,25,298,12,7,22
3819,2.5,0.1,0.05,0.02,0.01,0.005,1,25,298,12,7,22
1906,2.5,0.1,0.05,0.02,0.01,0.005,1,25,298,12,7,22
1741,2.5,0.1,0.05,0.02,0.01,0.005,1,25,298,12,7,22
3633,2.5,0.1,0.05,0.02,0.01,0.005,1,25,298,12,7,22
1298,2.5,0.1,0.05,0.02,0.01,0.005,1,25,298,12,7,22
2023,2.5,0.1,0.05,0.02,0.01,0.005,1,25,298,12,7,22
4607,2.5,0.1,0.05,0.02,0.01,0.005,1,25,298,12,7,22
3388,2.5,0.1,0.05,0.02,0.01,0.005,1,25,298,12,7,22
3190,2.5,0.1,0.05,0.02,0.01,0.005,1,25,298,12,7,22
4591,2.5,0.1,0.05,0.02,0.01,0.005,1,25,298,12,7,22
1741,2.5,0.1,0.05,0.02,0.01,0.005,1,25,298,12,7,22
1190,2.5,0.1,0.05,0.02,0.01,0.005,1,25,298,12,7,22
1027,2.5,0.1,0.05,0.02,0.01,0.005,1,25,298,12,7,22
1995,2.5,0.1,0.05,0.02,0.01,0.005,1,25,298,12,7,22
4325,2.5,0.1,0.05,0.02,0.01,0.005,1,25,298,12,7,22
3393,2.5,0.1,0.05,0.02,0.01,0.005,1,25,298,12,7,22
1392,2.5,0.1,0.05,0.02,0.01,0.005,1,25,298,12,7,22
886,2.5,0.1,0.05,0.02,0.01,0.005,1,25,298,12,7,22
1749,2.5,0.1,0.05,0.02,0.01,0.005,1,25,298,12,7,22
3028,2.5,0.1,0.05,0.02,0.01,0.005,1,25,298,12,7,22
4028,2.5,0.1,0.05,0.02,0.01,0.005,1,25,298,12,7,22
1397,2.5,0.1,0.05,0.02,0.01,0.005,1,25,298,12,7,22
1210,2.5,0.1,0.05,0.02,0.01,0.005,1,25,298,12,7,22
4195,2.5,0.1,0.05,0.02,0.01,0.005,1,25,298,12,7,22
3186,2.5,0.1,0.05,0.02,0.01,0.005,1,25,298,12,7,22
915,2.5,0.1,0.05,0.02,0.01,0.005,1,25,298,12,7,22
1971,2.5,0.1,0.05,0.02,0.01,0.005,1,25,298,12,7,22
4680,2.5,0.1,0.05,0.02,0.01,0.005,1,25,298,12,7,22
4762,2.5,0.1,0.05,0.02,0.01,0.005,1,25,298,12,7,22
2931,2.5,0.1,0.05,0.02,0.01,0.005,1,25,298,12,7,22
3015,2.5,0.1,0.05,0.02,0.01,0.005,1,25,298,12,7,22
1595,2.5,0.1,0.05,0.02,0.01,0.005,1,25,298,12,7,22
1309,2.5,0.1,0.05,0.02,0.01,0.005,1,25,298,12,7,22
3544,2.5,0.1,0.05,0.02,0.01,0.005,1,25,298,12,7,22
1492,2.5,0.1,0.05,0.02,0.01,0.005,1,25,298,12,7,22
1781,2.5,0.1,0.05,0.02,0.01,0.005,1,25,298,12,7,22
4870,2.5,0.1,0.05,0.02,0.01,0.005,1,25,298,12,7,22
2273,2.5,0.1,0.05,0.02,0.01,0.005,1,25,298,12,7,22
4061,2.5,0.1,0.05,0.02,0.01,0.005,1,25,298,12,7,22
4316,2.5,0.1,0.05,0.02,0.01,0.005,1,25,298,12,7,22
2256,2.5,0.1,0.05,0.02,0.01,0.005,1,25,298,12,7,22
2873,2.5,0.1,0.05,0.02,0.01,0.005,1,25,298,12,7,22
3076,2.5,0.1,0.05,0.02,0.01,0.005,1,25,298,12,7,22
1391,2.5,0.1,0.05,0.02,0.01,0.005,1,25,298,12,7,22
4684,2.5,0.1,0.05,0.02,0.01,0.005,1,25,298,12,7,22
1207,2.5,0.1,0.05,0.02,0.01,0.005,1,25,298,12,7,22
2897,2.5,0.1,0.05,0.02,0.01,0.005,1,25,298,12,7,22
4982,2.5,0.1,0.05,0.02,0.01,0.005,1,25,298,12,7,22
2634,2.5,0.1,0.05,0.02,0.01,0.005,1,25,298,12,7,22
2854,2.5,0.1,0.05,0.02,0.01,0.005,1,25,298,12,7,22
1476,2.5,0.1,0.05,0.02,0.01,0.005,1,25,298,12,7,22
1234,2.5,0.1,0.05,0.02,0.01,0.005,1,25,298,12,7,22
2968,2.5,0.1,0.05,0.02,0.01,0.005,1,25,298,12,7,22
3040,2.5,0.1,0.05,0.02,0.01,0.005,1,25,298,12,7,22
1132,2.5,0.1,0.05,0.02,0.01,0.005,1,25,298,12,7,22
4768,2.5,0.1,0.05,0.02,0.01,0.005,1,25,298,12,7,22
4599,2.5,0.1,0.05,0.02,0.01,0.005,1,25,298,12,7,22
3401,2.5,0.1,0.05,0.02,0.01,0.005,1,25,298,12,7,22
2163,2.5,0.1,0.05,0.02,0.01,0.005,1,25,298,12,7,22
2515,2.5,0.1,0.05,0.02,0.01,0.005,1,25,298,12,7,22
3681,2.5,0.1,0.05,0.02,0.01,0.005,1,25,298,12,7,22
4563,2.5,0.1,0.05,0.02,0.01,0.005,1,25,298,12,7,22
3130,2.5,0.1,0.05,0.02,0.01,0.005,1,25,298,12,7,22
4372,2.5,0.1,0.05,0.02,0.01,0.005,1,25,298,12,7,22
1554,2.5,0.1,0.05,0.02,0.01,0.005,1,25,298,12,7,22
880,2.5,0.1,0.05,0.02,0.01,0.005,1,25,298,12,7,22
3582,2.5,0.1,0.05,0.02,0.01,0.005,1,25,298,12,7,22
2891,2.5,0.1,0.05,0.02,0.01,0.005,1,25,298,12,7,22
2092,2.5,0.1,0.05,0.02,0.01,0.005,1,25,298,12,7,22
4761,2.5,0.1,0.05,0.02,0.01,0.005,1,25,298,12,7,22
3247,2.5,0.1,0.05,0.02,0.01,0.005,1,25,298,12,7,22
2889,2.5,0.1,0.05,0.02,0.01,0.005,1,25,298,12,7,22
4053,2.5,0.1,0.05,0.02,0.01,0.005,1,25,298,12,7,22
3527,2.5,0.1,0.05,0.02,0.01,0.005,1,25,298,12,7,22
1707,2.5,0.1,0.05,0.02,0.01,0.005,1,25,298,12,7,22
4353,2.5,0.1,0.05,0.02,0.01,0.005,1,25,298,12,7,22
1044,2.5,0.1,0.05,0.02,0.01,0.005,1,25,298,12,7,22
3581,2.5,0.1,0.05,0.02,0.01,0.005,1,25,298,12,7,22
4163,2.5,0.1,0.05,0.02,0.01,0.005,1,25,298,12,7,22
2739,2.5,0.1,0.05,0.02,0.01,0.005,1,25,298,12,7,22
2867,2.5,0.1,0.05,0.02,0.01,0.005,1,25,298,12,7,22
4273,2.5,0.1,0.05,0.02,0.01,0.005,1,25,298,12,7,22
3127,2.5,0.1,0.05,0.02,0.01,0.005,1,25,298,12,7,22
4431,2.5,0.1,0.05,0.02,0.01,0.005,1,25,298,12,7,22
2974,2.5,0.1,0.05,0.02,0.01,0.005,1,25,298,12,7,22
3630,2.5,0.1,0.05,0.02,0.01,0.005,1,25,298,12,7,22
4007,2.5,0.1,0.05,0.02,0.01,0.005,1,25,298,12,7,22
596,2.5,0.1,0.05,0.02,0.01,0.005,1,25,298,12,7,22
4358,2.5,0.1,0.05,0.02,0.01,0.005,1,25,298,12,7,22
3208,2.5,0.1,0.05,0.02,0.01,0.005,1,25,298,12,7,22
3836,2.5,0.1,0.05,0.02,0.01,0.005,1,25,298,12,7,22
956,2.5,0.1,0.05,0.02,0.01,0.005,1,25,298,12,7,22
4868,2.5,0.1,0.05,0.02,0.01,0.005,1,25,298,12,7,22
3487,2.5,0.1,0.05,0.02,0.01,0.005,1,25,298,12,7,22
4588,2.5,0.1,0.05,0.02,0.01,0.005,1,25,298,12,7,22
4384,2.5,0.1,0.05,0.02,0.01,0.005,1,25,298,12,7,22
1531,2.5,0.1,0.05,0.02,0.01,0.005,1,25,298,12,7,22
707,2.5,0.1,0.05,0.02,0.01,0.005,1,25,298,12,7,22
2437,2.5,0.1,0.05,0.02,0.01,0.005,1,25,298,12,7,22
1646,2.5,0.1,0.05,0.02,0.01,0.005,1,25,298,12,7,22
4799,2.5,0.1,0.05,0.02,0.01,0.005,1,25,298,12,7,22
3064,2.5,0.1,0.05,0.02,0.01,0.005,1,25,298,12,7,22
942,2.5,0.1,0.05,0.02,0.01,0.005,1,25,298,12,7,22
1332,2.5,0.1,0.05,0.02,0.01,0.005,1,25,298,12,7,22
1961,2.5,0.1,0.05,0.02,0.01,0.005,1,25,298,12,7,22
4016,2.5,0.1,0.05,0.02,0.01,0.005,1,25,298,12,7,22
1659,2.5,0.1,0.05,0.02,0.01,0.005,1,25,298,12,7,22
886,2.5,0.1,0.05,0.02,0.01,0.005,1,25,298,12,7,22
2541,2.5,0.1,0.05,0.02,0.01,0.005,1,25,298,12,7,22
3053,2.5,0.1,0.05,0.02,0.01,0.005,1,25,298,12,7,22
2218,2.5,0.1,0.05,0.02,0.01,0.005,1,25,298,12,7,22
4550,2.5,0.1,0.05,0.02,0.01,0.005,1,25,298,12,7,22
3909,2.5,0.1,0.05,0.02,0.01,0.005,1,25,298,12,7,22
1189,2.5,0.1,0.05,0.02,0.01,0.005,1,25,298,12,7,22
1669,2.5,0.1,0.05,0.02,0.01,0.005,1,25,298,12,7,22
1452,2.5,0.1,0.05,0.02,0.01,0.005,1,25,298,12,7,22
3996,2.5,0.1,0.05,0.02,0.01,0.005,1,25,298,12,7,22
4417,2.5,0.1,0.05,0.02,0.01,0.005,1,25,298,12,7,22
2984,2.5,0.1,0.05,0.02,0.01,0.005,1,25,298,12,7,22
2354,2.5,0.1,0.05,0.02,0.01,0.005,1,25,298,12,7,22
3939,2.5,0.1,0.05,0.02,0.01,0.005,1,25,298,12,7,22
3731,2.5,0.1,0.05,0.02,0.01,0.005,1,25,298,12,7,22
3097,2.5,0.1,0.05,0.02,0.01,0.005,1,25,298,12,7,22
4483,2.5,0.1,0.05,0.02,0.01,0.005,1,25,298,12,7,22
2691,2.5,0.1,0.05,0.02,0.01,0.005,1,25,298,12,7,22
3135,2.5,0.1,0.05,0.02,0.01,0.005,1,25,298,12,7,22
1156,2.5,0.1,0.05,0.02,0.01,0.005,1,25,298,12,7,22
4312,2.5,0.1,0.05,0.02,0.01,0.005,1,25,298,12,7,22
3840,2.5,0.1,0.05,0.02,0.01,0.005,1,25,298,12,7,22
4411,2.5,0.1,0.05,0.02,0.01,0.005,1,25,298,12,7,22
2296,2.5,0.1,0.05,0.02,0.01,0.005,1,25,298,12,7,22
4863,2.5,0.1,0.05,0.02,0.01,0.005,1,25,298,12,7,22
2262,2.5,0.1,0.05,0.02,0.01,0.005,1,25,298,12,7,22
4972,2.5,0.1,0.05,0.02,0.01,0.005,1,25,298,12,7,22
3785,2.5,0.1,0.05,0.02,0.01,0.005,1,25,298,12,7,22
2085,2.5,0.1,0.05,0.02,0.01,0.005,1,25,298,12,7,22
4063,2.5,0.1,0.05,0.02,0.01,0.005,1,25,298,12,7,22
2940,2.5,0.1,0.05,0.02,0.01,0.005,1,25,298,12,7,22
3600,2.5,0.1,0.05,0.02,0.01,0.005,1,25,298,12,7,22
3744,2.5,0.1,0.05,0.02,0.01,0.005,1,25,298,12,7,22
1540,2.5,0.1,0.05,0.02,0.01,0.005,1,25,298,12,7,22
3627,2.5,0.1,0.05,0.02,0.01,0.005,1,25,298,12,7,22
2773,2.5,0.1,0.05,0.02,0.01,0.005,1,25,298,12,7,22
4129,2.5,0.1,0.05,0.02,0.01,0.005,1,25,298,12,7,22
2614,2.5,0.1,0.05,0.02,0.01,0.005,1,25,298,12,7,22
2177,2.5,0.1,0.05,0.02,0.01,0.005,1,25,298,12,7,22
3594,2.5,0.1,0.05,0.02,0.01,0.005,1,25,298,12,7,22
1498,2.5,0.1,0.05,0.02,0.01,0.005,1,25,298,12,7,22
2784,2.5,0.1,0.05,0.02,0.01,0.005,1,25,298,12,7,22
2089,2.5,0.1,0.05,0.02,0.01,0.005,1,25,298,12,7,22
1661,2.5,0.1,0.05,0.02,0.01,0.005,1,25,298,12,7,22
3020,2.5,0.1,0.05,0.02,0.01,0.005,1,25,298,12,7,22
4355,2.5,0.1,0.05,0.02,0.01,0.005,1,25,298,12,7,22
1194,2.5,0.1,0.05,0.02,0.01,0.005,1,25,298,12,7,22
4912,2.5,0.1,0.05,0.02,0.01,0.005,1,25,298,12,7,22
4298,2.5,0.1,0.05,0.02,0.01,0.005,1,25,298,12,7,22
4183,2.5,0.1,0.05,0.02,0.01,0.005,1,25,298,12,7,22
2471,2.5,0.1,0.05,0.02,0.01,0.005,1,25,298,12,7,22
2003,2.5,0.1,0.05,0.02,0.01,0.005,1,25,298,12,7,22
3749,2.5,0.1,0.05,0.02,0.01,0.005,1,25,298,12,7,22
4718,2.5,0.1,0.05,0.02,0.01,0.005,1,25,298,12,7,22
3742,2.5,0.1,0.05,0.02,0.01,0.005,1,25,298,12,7,22
2368,2.5,0.1,0.05,0.02,0.01,0.005,1,25,298,12,7,22
2171,2.5,0.1,0.05,0.02,0.01,0.005,1,25,298,12,7,22
1582,2.5,0.1,0.05,0.02,0.01,0.005,1,25,298,12,7,22
2228,2.5,0.1,0.05,0.02,0.01,0.005,1,25,298,12,7,22
4351,2.5,0.1,0.05,0.02,0.01,0.005,1,25,298,12,7,22
2642,2.5,0.1,0.05,0.02,0.01,0.005,1,25,298,12,7,22
1648,2.5,0.1,0.05,0.02,0.01,0.005,1,25,298,12,7,22
753,2.5,0.1,0.05,0.02,0.01,0.005,1,25,298,12,7,22
4602,2.5,0.1,0.05,0.02,0.01,0.005,1,25,298,12,7,22
4042,2.5,0.1,0.05,0.02,0.01,0.005,1,25,298,12,7,22
3275,2.5,0.1,0.05,0.02,0.01,0.005,1,25,298,12,7,22
3833,2.5,0.1,0.05,0.02,0.01,0.005,1,25,298,12,7,22
4684,2.5,0.1,0.05,0.02,0.01,0.005,1,25,298,12,7,22
3779,2.5,0.1,0.05,0.02,0.01,0.005,1,25,298,12,7,22
4808,2.5,0.1,0.05,0.02,0.01,0.005,1,25,298,12,7,22
3381,2.5,0.1,0.05,0.02,0.01,0.005,1,25,298,12,7,22
765,2.5,0.1,0.05,0.02,0.01,0.005,1,25,298,12,7,22
2840,2.5,0.1,0.05,0.02,0.01,0.005,1,25,298,12,7,22
3648,2.5,0.1,0.05,0.02,0.01,0.005,1,25,298,12,7,22
3859,2.5,0.1,0.05,0.02,0.01,0.005,1,25,298,12,7,22
1504,2.5,0.1,0.05,0.02,0.01,0.005,1,25,298,12,7,22
2594,2.5,0.1,0.05,0.02,0.01,0.005,1,25,298,12,7,22
3771,2.5,0.1,0.05,0.02,0.01,0.005,1,25,298,12,7,22
709,2.5,0.1,0.05,0.02,0.01,0.005,1,25,298,12,7,22
1387,2.5,0.1,0.05,0.02,0.01,0.005,1,25,298,12,7,22
653,2.5,0.1,0.05,0.02,0.01,0.005,1,25,298,12,7,22
4093,2.5,0.1,0.05,0.02,0.01,0.005,1,25,298,12,7,22
914,2.5,0.1,0.05,0.02,0.01,0.005,1,25,298,12,7,22
3924,2.5,0.1,0.05,0.02,0.01,0.005,1,25,298,12,7,22
1784,2.5,0.1,0.05,0.02,0.01,0.005,1,25,298,12,7,22
3648,2.5,0.1,0.05,0.02,0.01,0.005,1,25,298,12,7,22
1268,2.5,0.1,0.05,0.02,0.01,0.005,1,25,298,12,7,22
1482,2.5,0.1,0.05,0.02,0.01,0.005,1,25,298,12,7,22
3702,2.5,0.1,0.05,0.02,0.01,0.005,1,25,298,12,7,22
4026,2.5,0.1,0.05,0.02,0.01,0.005,1,25,298,12,7,22
3287,2.5,0.1,0.05,0.02,0.01,0.005,1,25,298,12,7,22
2710,2.5,0.1,0.05,0.02,0.01,0.005,1,25,298,12,7,22
1538,2.5,0.1,0.05,0.02,0.01,0.005,1,25,298,12,7,22
4432,2.5,0.1,0.05,0.02,0.01,0.005,1,25,298,12,7,22
1041,2.5,0.1,0.05,0.02,0.01,0.005,1,25,298,12,7,22
858,2.5,0.1,0.05,0.02,0.01,0.005,1,25,298,12,7,22
1349,2.5,0.1,0.05,0.02,0.01,0.005,1,25,298,12,7,22
3044,2.5,0.1,0.05,0.02,0.01,0.005,1,25,298,12,7,22
2331,2.5,0.1,0.05,0.02,0.01,0.005,1,25,298,12,7,22
1972,2.5,0.1,0.05,0.02,0.01,0.005,1,25,298,12,7,22
1936,2.5,0.1,0.05,0.02,0.01,0.005,1,25,298,12,7,22
829,2.5,0.1,0.05,0.02,0.01,0.005,1,25,298,12,7,22
4854,2.5,0.1,0.05,0.02,0.01,0.005,1,25,298,12,7,22
4738,2.5,0.1,0.05,0.02,0.01,0.005,1,25,298,12,7,22
4508,2.5,0.1,0.05,0.02,0.01,0.005,1,25,298,12,7,22
1888,2.5,0.1,0.05,0.02,0.01,0.005,1,25,298,12,7,22
4685,2.5,0.1,0.05,0.02,0.01,0.005,1,25,298,12,7,22
1219,2.5,0.1,0.05,0.02,0.01,0.005,1,25,298,12,7,22
3735,2.5,0.1,0.05,0.02,0.01,0.005,1,25,298,12,7,22
2631,2.5,0.1,0.05,0.02,0.01,0.005,1,25,298,12,7,22
1600,2.5,0.1,0.05,0.02,0.01,0.005,1,25,298,12,7,22
1172,2.5,0.1,0.05,0.02,0.01,0.005,1,25,298,12,7,22
1016,2.5,0.1,0.05,0.02,0.01,0.005,1,25,298,12,7,22
3032,2.5,0.1,0.05,0.02,0.01,0.005,1,25,298,12,7,22
4170,2.5,0.1,0.05,0.02,0.01,0.005,1,25,298,12,7,22
1281,2.5,0.1,0.05,0.02,0.01,0.005,1,25,298,12,7,22
4023,2.5,0.1,0.05,0.02,0.01,0.005,1,25,298,12,7,22
4058,2.5,0.1,0.05,0.02,0.01,0.005,1,25,298,12,7,22
2886,2.5,0.1,0.05,0.02,0.01,0.005,1,25,298,12,7,22
2089,2.5,0.1,0.05,0.02,0.01,0.005,1,25,298,12,7,22
2001,2.5,0.1,0.05,0.02,0.01,0.005,1,25,298,12,7,22
4294,2.5,0.1,0.05,0.02,0.01,0.005,1,25,298,12,7,22
4818,2.5,0.1,0.05,0.02,0.01,0.005,1,25,298,12,7,22
3580,2.5,0.1,0.05,0.02,0.01,0.005,1,25,298,12,7,22
1576,2.5,0.1,0.05,0.02,0.01,0.005,1,25,298,12,7,22
1600,2.5,0.1,0.05,0.02,0.01,0.005,1,25,298,12,7,22
1002,2.5,0.1,0.05,0.02,0.01,0.005,1,25,298,12,7,22
1839,2.5,0.1,0.05,0.02,0.01,0.005,1,25,298,12,7,22
4385,2.5,0.1,0.05,0.02,0.01,0.005,1,25,298,12,7,22
1123,2.5,0.1,0.05,0.02,0.01,0.005,1,25,298,12,7,22
2386,2.5,0.1,0.05,0.02,0.01,0.005,1,25,298,12,7,22
3850,2.5,0.1,0.05,0.02,0.01,0.005,1,25,298,12,7,22
1550,2.5,0.1,0.05,0.02,0.01,0.005,1,25,298,12,7,22
4272,2.5,0.1,0.05,0.02,0.01,0.005,1,25,298,12,7,22
4416,2.5,0.1,0.05,0.02,0.01,0.005,1,25,298,12,7,22
4518,2.5,0.1,0.05,0.02,0.01,0.005,1,25,298,12,7,22
1829,2.5,0.1,0.05,0.02,0.01,0.005,1,25,298,12,7,22
4614,2.5,0.1,0.05,0.02,0.01,0.005,1,25,298,12,7,22
3867,2.5,0.1,0.05,0.02,0.01,0.005,1,25,298,12,7,22
4451,2.5,0.1,0.05,0.02,0.01,0.005,1,25,298,12,7,22
2997,2.5,0.1,0.05,0.02,0.01,0.005,1,25,298,12,7,22
2073,2.5,0.1,0.05,0.02,0.01,0.005,1,25,298,12,7,22
3134,2.5,0.1,0.05,0.02,0.01,0.005,1,25,298,12,7,22
3268,2.5,0.1,0.05,0.02,0.01,0.005,1,25,298,12,7,22
1711,2.5,0.1,0.05,0.02,0.01,0.005,1,25,298,12,7,22
1275,2.5,0.1,0.05,0.02,0.01,0.005,1,25,298,12,7,22
1660,2.5,0.1,0.05,0.02,0.01,0.005,1,25,298,12,7,22
2883,2.5,0.1,0.05,0.02,0.01,0.005,1,25,298,12,7,22
3154,2.5,0.1,0.05,0.02,0.01,0.005,1,25,298,12,7,22
4040,2.5,0.1,0.05,0.02,0.01,0.005,1,25,298,12,7,22
1595,2.5,0.1,0.05,0.02,0.01,0.005,1,25,298,12,7,22
523,2.5,0.1,0.05,0.02,0.01,0.005,1,25,298,12,7,22
4056,2.5,0.1,0.05,0.02,0.01,0.005,1,25,298,12,7,22
1579,2.5,0.1,0.05,0.02,0.01,0.005,1,25,298,12,7,22
4818,2.5,0.1,0.05,0.02,0.01,0.005,1,25,298,12,7,22
678,2.5,0.1,0.05,0.02,0.01,0.005,1,25,298,12,7,22
3347,2.5,0.1,0.05,0.02,0.01,0.005,1,25,298,12,7,22
2460,2.5,0.1,0.05,0.02,0.01,0.005,1,25,298,12,7,22
1973,2.5,0.1,0.05,0.02,0.01,0.005,1,25,298,12,7,22
1712,2.5,0.1,0.05,0.02,0.01,0.005,1,25,298,12,7,22
1309,2.5,0.1,0.05,0.02,0.01,0.005,1,25,298,12,7,22
919,2.5,0.1,0.05,0.02,0.01,0.005,1,25,298,12,7,22
4159,2.5,0.1,0.05,0.02,0.01,0.005,1,25,298,12,7,22
4316,2.5,0.1,0.05,0.02,0.01,0.005,1,25,298,12,7,22
1778,2.5,0.1,0.05,0.02,0.01,0.005,1,25,298,12,7,22
3023,2.5,0.1,0.05,0.02,0.01,0.005,1,25,298,12,7,22
1940,2.5,0.1,0.05,0.02,0.01,0.005,1,25,298,12,7,22
1840,2.5,0.1,0.05,0.02,0.01,0.005,1,25,298,12,7,22
2721,2.5,0.1,0.05,0.02,0.01,0.005,1,25,298,12,7,22
2892,2.5,0.1,0.05,0.02,0.01,0.005,1,25,298,12,7,22
1861,2.5,0.1,0.05,0.02,0.01,0.005,1,25,298,12,7,22
1091,2.5,0.1,0.05,0.02,0.01,0.005,1,25,298,12,7,22
1026,2.5,0.1,0.05,0.02,0.01,0.005,1,25,298,12,7,22
3003,2.5,0.1,0.05,0.02,0.01,0.005,1,25,298,12,7,22
1792,2.5,0.1,0.05,0.02,0.01,0.005,1,25,298,12,7,22
2154,2.5,0.1,0.05,0.02,0.01,0.005,1,25,298,12,7,22
687,2.5,0.1,0.05,0.02,0.01,0.005,1,25,298,12,7,22
3258,2.5,0.1,0.05,0.02,0.01,0.005,1,25,298,12,7,22
1028,2.5,0.1,0.05,0.02,0.01,0.005,1,25,298,12,7,22
933,2.5,0.1,0.05,0.02,0.01,0.005,1,25,298,12,7,22
4012,2.5,0.1,0.05,0.02,0.01,0.005,1,25,298,12,7,22
2304,2.5,0.1,0.05,0.02,0.01,0.005,1,25,298,12,7,22
802,2.5,0.1,0.05,0.02,0.01,0.005,1,25,298,12,7,22
4682,2.5,0.1,0.05,0.02,0.01,0.005,1,25,298,12,7,22
937,2.5,0.1,0.05,0.02,0.01,0.005,1,25,298,12,7,22
3088,2.5,0.1,0.05,0.02,0.01,0.005,1,25,298,12,7,22
1332,2.5,0.1,0.05,0.02,0.01,0.005,1,25,298,12,7,22
1296,2.5,0.1,0.05,0.02,0.01,0.005,1,25,298,12,7,22
1059,2.5,0.1,0.05,0.02,0.01,0.005,1,25,298,12,7,22
4088,2.5,0.1,0.05,0.02,0.01,0.005,1,25,298,12,7,22
1261,2.5,0.1,0.05,0.02,0.01,0.005,1,25,298,12,7,22
4074,2.5,0.1,0.05,0.02,0.01,0.005,1,25,298,12,7,22
4285,2.5,0.1,0.05,0.02,0.01,0.005,1,25,298,12,7,22
3014,2.5,0.1,0.05,0.02,0.01,0.005,1,25,298,12,7,22
1184,2.5,0.1,0.05,0.02,0.01,0.005,1,25,298,12,7,22
4733,2.5,0.1,0.05,0.02,0.01,0.005,1,25,298,12,7,22
1077,2.5,0.1,0.05,0.02,0.01,0.005,1,25,298,12,7,22
727,2.5,0.1,0.05,0.02,0.01,0.005,1,25,298,12,7,22
2828,2.5,0.1,0.05,0.02,0.01,0.005,1,25,298,12,7,22
3231,2.5,0.1,0.05,0.02,0.01,0.005,1,25,298,12,7,22
1327,2.5,0.1,0.05,0.02,0.01,0.005,1,25,298,12,7,22
930,2.5,0.1,0.05,0.02,0.01,0.005,1,25,298,12,7,22
1563,2.5,0.1,0.05,0.02,0.01,0.005,1,25,298,12,7,22
2209,2.5,0.1,0.05,0.02,0.01,0.005,1,25,298,12,7,22
1734,2.5,0.1,0.05,0.02,0.01,0.005,1,25,298,12,7,22
801,2.5,0.1,0.05,0.02,0.01,0.005,1,25,298,12,7,22
1920,2.5,0.1,0.05,0.02,0.01,0.005,1,25,298,12,7,22
1268,2.5,0.1,0.05,0.02,0.01,0.005,1,25,298,12,7,22
1904,2.5,0.1,0.05,0.02,0.01,0.005,1,25,298,12,7,22
943,2.5,0.1,0.05,0.02,0.01,0.005,1,25,298,12,7,22
3604,2.5,0.1,0.05,0.02,0.01,0.005,1,25,298,12,7,22
4855,2.5,0.1,0.05,0.02,0.01,0.005,1,25,298,12,7,22
3805,2.5,0.1,0.05,0.02,0.01,0.005,1,25,298,12,7,22
2038,2.5,0.1,0.05,0.02,0.01,0.005,1,25,298,12,7,22
4430,2.5,0.1,0.05,0.02,0.01,0.005,1,25,298,12,7,22
1831,2.5,0.1,0.05,0.02,0.01,0.005,1,25,298,12,7,22
569,2.5,0.1,0.05,0.02,0.01,0.005,1,25,298,12,7,22
3935,2.5,0.1,0.05,0.02,0.01,0.005,1,25,298,12,7,22
980,2.5,0.1,0.05,0.02,0.01,0.005,1,25,298,12,7,22
4594,2.5,0.1,0.05,0.02,0.01,0.005,1,25,298,12,7,22
3996,2.5,0.1,0.05,0.02,0.01,0.005,1,25,298,12,7,22
3293,2.5,0.1,0.05,0.02,0.01,0.005,1,25,298,12,7,22
3392,2.5,0.1,0.05,0.02,0.01,0.005,1,25,298,12,7,22
1698,2.5,0.1,0.05,0.02,0.01,0.005,1,25,298,12,7,22
2872,2.5,0.1,0.05,0.02,0.01,0.005,1,25,298,12,7,22
2392,2.5,0.1,0.05,0.02,0.01,0.005,1,25,298,12,7,22
2383,2.5,0.1,0.05,0.02,0.01,0.005,1,25,298,12,7,22
1297,2.5,0.1,0.05,0.02,0.01,0.005,1,25,298,12,7,22
517,2.5,0.1,0.05,0.02,0.01,0.005,1,25,298,12,7,22
543,2.5,0.1,0.05,0.02,0.01,0.005,1,25,298,12,7,22
654,2.5,0.1,0.05,0.02,0.01,0.005,1,25,298,12,7,22
3948,2.5,0.1,0.05,0.02,0.01,0.005,1,25,298,12,7,22
4580,2.5,0.1,0.05,0.02,0.01,0.005,1,25,298,12,7,22
1925,2.5,0.1,0.05,0.02,0.01,0.005,1,25,298,12,7,22
4820,2.5,0.1,0.05,0.02,0.01,0.005,1,25,298,12,7,22
4812,2.5,0.1,0.05,0.02,0.01,0.005,1,25,298,12,7,22
4139,2.5,0.1,0.05,0.02,0.01,0.005,1,25,298,12,7,22
4626,2.5,0.1,0.05,0.02,0.01,0.005,1,25,298,12,7,22
2392,2.5,0.1,0.05,0.02,0.01,0.005,1,25,298,12,7,22
1397,2.5,0.1,0.05,0.02,0.01,0.005,1,25,298,12,7,22
3924,2.5,0.1,0.05,0.02,0.01,0.005,1,25,298,12,7,22
1758,2.5,0.1,0.05,0.02,0.01,0.005,1,25,298,12,7,22
2515,2.5,0.1,0.05,0.02,0.01,0.005,1,25,298,12,7,22
2202,2.5,0.1,0.05,0.02,0.01,0.005,1,25,298,12,7,22
1373,2.5,0.1,0.05,0.02,0.01,0.005,1,25,298,12,7,22
1065,2.5,0.1,0.05,0.02,0.01,0.005,1,25,298,12,7,22
2518,2.5,0.1,0.05,0.02,0.01,0.005,1,25,298,12,7,22
2385,2.5,0.1,0.05,0.02,0.01,0.005,1,25,298,12,7,22
2623,2.5,0.1,0.05,0.02,0.01,0.005,1,25,298,12,7,22
2814,2.5,0.1,0.05,0.02,0.01,0.005,1,25,298,12,7,22
4912,2.5,0.1,0.05,0.02,0.01,0.005,1,25,298,12,7,22
4383,2.5,0.1,0.05,0.02,0.01,0.005,1,25,298,12,7,22
3692,2.5,0.1,0.05,0.02,0.01,0.005,1,25,298,12,7,22
2359,2.5,0.1,0.05,0.02,0.01,0.005,1,25,298,12,7,22
524,2.5,0.1,0.05,0.02,0.01,0.005,1,25,298,12,7,22
4003,2.5,0.1,0.05,0.02,0.01,0.005,1,25,298,12,7,22
4755,2.5,0.1,0.05,0.02,0.01,0.005,1,25,298,12,7,22
1637,2.5,0.1,0.05,0.02,0.01,0.005,1,25,298,12,7,22
1689,2.5,0.1,0.05,0.02,0.01,0.005,1,25,298,12,7,22
4596,2.5,0.1,0.05,0.02,0.01,0.005,1,25,298,12,7,22
3657,2.5,0.1,0.05,0.02,0.01,0.005,1,25,298,12,7,22
2867,2.5,0.1,0.05,0.02,0.01,0.005,1,25,298,12,7,22
4977,2.5,0.1,0.05,0.02,0.01,0.005,1,25,298,12,7,22
2241,2.5,0.1,0.05,0.02,0.01,0.005,1,25,298,12,7,22
4188,2.5,0.1,0.05,0.02,0.01,0.005,1,25,298,12,7,22
4246,2.5,0.1,0.05,0.02,0.01,0.005,1,25,298,12,7,22
1397,2.5,0.1,0.05,0.02,0.01,0.005,1,25,298,12,7,22
4523,2.5,0.1,0.05,0.02,0.01,0.005,1,25,298,12,7,22
1216,2.5,0.1,0.05,0.02,0.01,0.005,1,25,298,12,7,22
4467,2.5,0.1,0.05,0.02,0.01,0.005,1,25,298,12,7,22
4521,2.5,0.1,0.05,0.02,0.01,0.005,1,25,298,12,7,22
3715,2.5,0.1,0.05,0.02,0.01,0.005,1,25,298,12,7,22
890,2.5,0.1,0.05,0.02,0.01,0.005,1,25,298,12,7,22
4384,2.5,0.1,0.05,0.02,0.01,0.005,1,25,298,12,7,22
2199,2.5,0.1,0.05,0.02,0.01,0.005,1,25,298,12,7,22
3537,2.5,0.1,0.05,0.02,0.01,0.005,1,25,298,12,7,22
732,2.5,0.1,0.05,0.02,0.01,0.005,1,25,298,12,7,22
2426,2.5,0.1,0.05,0.02,0.01,0.005,1,25,298,12,7,22
3631,2.5,0.1,0.05,0.02,0.01,0.005,1,25,298,12,7,22
3806,2.5,0.1,0.05,0.02,0.01,0.005,1,25,298,12,7,22
3224,2.5,0.1,0.05,0.02,0.01,0.005,1,25,298,12,7,22
733,2.5,0.1,0.05,0.02,0.01,0.005,1,25,298,12,7,22
1891,2.5,0.1,0.05,0.02,0.01,0.005,1,25,298,12,7,22
3392,2.5,0.1,0.05,0.02,0.01,0.005,1,25,298,12,7,22
1755,2.5,0.1,0.05,0.02,0.01,0.005,1,25,298,12,7,22
3038,2.5,0.1,0.05,0.02,0.01,0.005,1,25,298,12,7,22
4190,2.5,0.1,0.05,0.02,0.01,0.005,1,25,298,12,7,22
1389,2.5,0.1,0.05,0.02,0.01,0.005,1,25,298,12,7,22
1245,2.5,0.1,0.05,0.02,0.01,0.005,1,25,298,12,7,22
2219,2.5,0.1,0.05,0.02,0.01,0.005,1,25,298,12,7,22
927,2.5,0.1,0.05,0.02,0.01,0.005,1,25,298,12,7,22
1231,2.5,0.1,0.05,0.02,0.01,0.005,1,25,298,12,7,22
1299,2.5,0.1,0.05,0.02,0.01,0.005,1,25,298,12,7,22
4797,2.5,0.1,0.05,0.02,0.01,0.005,1,25,298,12,7,22
1335,2.5,0.1,0.05,0.02,0.01,0.005,1,25,298,12,7,22
634,2.5,0.1,0.05,0.02,0.01,0.005,1,25,298,12,7,22
3038,2.5,0.1,0.05,0.02,0.01,0.005,1,25,298,12,7,22
4218,2.5,0.1,0.05,0.02,0.01,0.005,1,25,298,12,7,22
540,2.5,0.1,0.05,0.02,0.01,0.005,1,25,298,12,7,22
3867,2.5,0.1,0.05,0.02,0.01,0.005,1,25,298,12,7,22
2915,2.5,0.1,0.05,0.02,0.01,0.005,1,25,298,12,7,22
2540,2.5,0.1,0.05,0.02,0.01,0.005,1,25,298,12,7,22
4839,2.5,0.1,0.05,0.02,0.01,0.005,1,25,298,12,7,22
3449,2.5,0.1,0.05,0.02,0.01,0.005,1,25,298,12,7,22
4761,2.5,0.1,0.05,0.02,0.01,0.005,1,25,298,12,7,22
3966,2.5,0.1,0.05,0.02,0.01,0.005,1,25,298,12,7,22
3588,2.5,0.1,0.05,0.02,0.01,0.005,1,25,298,12,7,22
1615,2.5,0.1,0.05,0.02,0.01,0.005,1,25,298,12,7,22
3090,2.5,0.1,0.05,0.02,0.01,0.005,1,25,298,12,7,22
4073,2.5,0.1,0.05,0.02,0.01,0.005,1,25,298,12,7,22
3478,2.5,0.1,0.05,0.02,0.01,0.005,1,25,298,12,7,22
2947,2.5,0.1,0.05,0.02,0.01,0.005,1,25,298,12,7,22
1730,2.5,0.1,0.05,0.02,0.01,0.005,1,25,298,12,7,22
3166,2.5,0.1,0.05,0.02,0.01,0.005,1,25,298,12,7,22
4758,2.5,0.1,0.05,0.02,0.01,0.005,1,25,298,12,7,22
3094,2.5,0.1,0.05,0.02,0.01,0.005,1,25,298,12,7,22
3930,2.5,0.1,0.05,0.02,0.01,0.005,1,25,298,12,7,22
3417,2.5,0.1,0.05,0.02,0.01,0.005,1,25,298,12,7,22
3452,2.5,0.1,0.05,0.02,0.01,0.005,1,25,298,12,7,22
2495,2.5,0.1,0.05,0.02,0.01,0.005,1,25,298,12,7,22
4391,2.5,0.1,0.05,0.02,0.01,0.005,1,25,298,12,7,22
806,2.5,0.1,0.05,0.02,0.01,0.005,1,25,298,12,7,22
1862,2.5,0.1,0.05,0.02,0.01,0.005,1,25,298,12,7,22
2602,2.5,0.1,0.05,0.02,0.01,0.005,1,25,298,12,7,22
3530,2.5,0.1,0.05,0.02,0.01,0.005,1,25,298,12,7,22
832,2.5,0.1,0.05,0.02,0.01,0.005,1,25,298,12,7,22
3252,2.5,0.1,0.05,0.02,0.01,0.005,1,25,298,12,7,22
742,2.5,0.1,0.05,0.02,0.01,0.005,1,25,298,12,7,22
2384,2.5,0.1,0.05,0.02,0.01,0.005,1,25,298,12,7,22
1932,2.5,0.1,0.05,0.02,0.01,0.005,1,25,298,12,7,22
3050,2.5,0.1,0.05,0.02,0.01,0.005,1,25,298,12,7,22
802,2.5,0.1,0.05,0.02,0.01,0.005,1,25,298,12,7,22
4830,2.5,0.1,0.05,0.02,0.01,0.005,1,25,298,12,7,22
3609,2.5,0.1,0.05,0.02,0.01,0.005,1,25,298,12,7,22
2686,2.5,0.1,0.05,0.02,0.01,0.005,1,25,298,12,7,22
4790,2.5,0.1,0.05,0.02,0.01,0.005,1,25,298,12,7,22
2050,2.5,0.1,0.05,0.02,0.01,0.005,1,25,298,12,7,22
2292,2.5,0.1,0.05,0.02,0.01,0.005,1,25,298,12,7,22
1146,2.5,0.1,0.05,0.02,0.01,0.005,1,25,298,12,7,22
1212,2.5,0.1,0.05,0.02,0.01,0.005,1,25,298,12,7,22
1037,2.5,0.1,0.05,0.02,0.01,0.005,1,25,298,12,7,22
734,2.5,0.1,0.05,0.02,0.01,0.005,1,25,298,12,7,22
2896,2.5,0.1,0.05,0.02,0.01,0.005,1,25,298,12,7,22
2004,2.5,0.1,0.05,0.02,0.01,0.005,1,25,298,12,7,22
